1 phase1 2 CMT like 1004 but diff. initial on V3,,0,0,2668.50793105071,8.9009,20.9039,0.0706347,3.36588,116.254,1.04097,1.04042,0.176076,0,0.0946547,0,0,0.109638,0.0621827,1,../data/1.csv
1 phase1 2 CMT like 1004 but diff. initial on V3,RSE,0,0,2668.50793105071,.,.,.,.,.,.,.,.,.,.,.,.,.,.,1,../data/1.csv
2 phase1 2 CMT like 1004 but diff. initial on V3,,0,0,2367.60145940901,10.0423,23.4459,0.0686106,4.08241,117.084,1.03979,1.27276,0.285908,0,0.155774,0,0,0.124493,0.0649076,2,../data/2.csv
2 phase1 2 CMT like 1004 but diff. initial on V3,RSE,0,0,2367.60145940901,.,.,.,.,.,.,.,.,.,.,.,.,.,.,2,../data/2.csv
3 phase1 2 CMT like 1004 but diff. initial on V3,,0,0,2631.31812300593,4.59538,21.0392,0.0586357,4.29755,848.005,1.48535,2.9775,0.324937,0,0.201517,0,0,0.040881,0.066667,3,../data/3.csv
3 phase1 2 CMT like 1004 but diff. initial on V3,RSE,0,0,2631.31812300593,.,.,.,.,.,.,.,.,.,.,.,.,.,.,3,../data/3.csv
4 phase1 2 CMT like 1004 but diff. initial on V3,,0,0,2256.88800111087,9.01211,21.5581,0.0697423,3.28249,100.44,1.303,0.715417,0.161492,0,0.150136,0,0,0.106372,0.0708416,4,../data/4.csv
4 phase1 2 CMT like 1004 but diff. initial on V3,RSE,0,0,2256.88800111087,.,.,.,.,.,.,.,.,.,.,.,.,.,.,4,../data/4.csv
5 phase1 2 CMT like 1004 but diff. initial on V3,,0,0,2711.08262958392,8.88781,23.1398,0.0760371,4.81482,96.2784,0.900391,1.42585,0.184524,0,0.154792,0,0,0.112138,0.0566043,5,../data/5.csv
5 phase1 2 CMT like 1004 but diff. initial on V3,RSE,0,0,2711.08262958392,.,.,.,.,.,.,.,.,.,.,.,.,.,.,5,../data/5.csv
6 phase1 2 CMT like 1004 but diff. initial on V3,,0,0,2463.36747158687,7.68465,20.0061,0.0697618,3.53363,104.526,1.07168,2.05066,0.247682,0,0.151065,0,0,0.0798619,0.0678086,6,../data/6.csv
6 phase1 2 CMT like 1004 but diff. initial on V3,RSE,0,0,2463.36747158687,.,.,.,.,.,.,.,.,.,.,.,.,.,.,6,../data/6.csv
7 phase1 2 CMT like 1004 but diff. initial on V3,,0,0,2614.43708820051,8.15527,23.3974,0.0716254,3.74877,84.5844,0.988161,2.33554,0.194079,0,0.141992,0,0,0.0625289,0.0597657,7,../data/7.csv
7 phase1 2 CMT like 1004 but diff. initial on V3,RSE,0,0,2614.43708820051,.,.,.,.,.,.,.,.,.,.,.,.,.,.,7,../data/7.csv
8 phase1 2 CMT like 1004 but diff. initial on V3,,0,0,2571.21162252383,8.2559,18.9457,0.0582451,3.44221,135.549,0.972022,1.72218,0.248164,0,0.224053,0,0,0.151887,0.0813559,8,../data/8.csv
8 phase1 2 CMT like 1004 but diff. initial on V3,RSE,0,0,2571.21162252383,.,.,.,.,.,.,.,.,.,.,.,.,.,.,8,../data/8.csv
9 phase1 2 CMT like 1004 but diff. initial on V3,,0,0,2430.91087253179,7.43855,19.6482,0.0641284,3.96225,116.754,1.08939,1.84076,0.179623,0,0.129217,0,0,0.0954206,0.07638,9,../data/9.csv
9 phase1 2 CMT like 1004 but diff. initial on V3,RSE,0,0,2430.91087253179,.,.,.,.,.,.,.,.,.,.,.,.,.,.,9,../data/9.csv
10 phase1 2 CMT like 1004 but diff. initial on V3,,0,0,3118.2268943906,7.7841,22.2719,0.0846467,4.16895,102.527,1.05182,1.44456,0.155439,0,0.0228209,0,0,0.109432,0.0558837,10,../data/10.csv
10 phase1 2 CMT like 1004 but diff. initial on V3,RSE,0,0,3118.2268943906,.,.,.,.,.,.,.,.,.,.,.,.,.,.,10,../data/10.csv
11 phase1 2 CMT like 1004 but diff. initial on V3,,0,0,2620.87646946127,6.69042,23.2896,0.0757498,4.05628,113.39,0.982136,2.51037,0.143878,0,0.0969622,0,0,0.106395,0.0598421,11,../data/11.csv
11 phase1 2 CMT like 1004 but diff. initial on V3,RSE,0,0,2620.87646946127,.,.,.,.,.,.,.,.,.,.,.,.,.,.,11,../data/11.csv
12 phase1 2 CMT like 1004 but diff. initial on V3,,0,0,2287.1824214987,8.15952,21.6188,0.0690251,4.67231,137.086,1.00373,1.90202,0.246811,0,0.0744925,0,0,0.105957,0.0738146,12,../data/12.csv
12 phase1 2 CMT like 1004 but diff. initial on V3,RSE,0,0,2287.1824214987,.,.,.,.,.,.,.,.,.,.,.,.,.,.,12,../data/12.csv
13 phase1 2 CMT like 1004 but diff. initial on V3,,0,0,2540.08421844685,9.49705,25.5126,0.0774707,5.74702,124.147,0.760961,2.12225,0.178359,0,0.125633,0,0,0.086723,0.0695175,13,../data/13.csv
13 phase1 2 CMT like 1004 but diff. initial on V3,RSE,0,0,2540.08421844685,.,.,.,.,.,.,.,.,.,.,.,.,.,.,13,../data/13.csv
14 phase1 2 CMT like 1004 but diff. initial on V3,,0,0,2339.55044503799,10.3939,20.9673,0.0721228,3.73621,129.368,0.826127,1.41287,0.139905,0,0.116266,0,0,0.101088,0.0674434,14,../data/14.csv
14 phase1 2 CMT like 1004 but diff. initial on V3,RSE,0,0,2339.55044503799,.,.,.,.,.,.,.,.,.,.,.,.,.,.,14,../data/14.csv
15 phase1 2 CMT like 1004 but diff. initial on V3,,0,0,2597.92058014242,9.59839,21.632,0.0663197,3.33827,107.011,0.886993,1.58209,0.154446,0,0.104028,0,0,0.0993982,0.0661747,15,../data/15.csv
15 phase1 2 CMT like 1004 but diff. initial on V3,RSE,0,0,2597.92058014242,.,.,.,.,.,.,.,.,.,.,.,.,.,.,15,../data/15.csv
16 phase1 2 CMT like 1004 but diff. initial on V3,,0,0,2883.97928726858,8.69369,25.835,0.0725258,4.02353,144.741,1.3149,1.69234,0.244068,0,0.112938,0,0,0.0881748,0.0577493,16,../data/16.csv
16 phase1 2 CMT like 1004 but diff. initial on V3,RSE,0,0,2883.97928726858,.,.,.,.,.,.,.,.,.,.,.,.,.,.,16,../data/16.csv
17 phase1 2 CMT like 1004 but diff. initial on V3,,0,0,2161.05203535251,9.52388,19.1439,0.0651423,3.69328,100.46,0.849738,1.23277,0.22098,0,0.100925,0,0,0.0733596,0.0759867,17,../data/17.csv
17 phase1 2 CMT like 1004 but diff. initial on V3,RSE,0,0,2161.05203535251,.,.,.,.,.,.,.,.,.,.,.,.,.,.,17,../data/17.csv
18 phase1 2 CMT like 1004 but diff. initial on V3,,0,0,2476.14046817841,8.75424,21.3673,0.0689846,4.07805,109.935,0.887516,1.44443,0.210123,0,0.102773,0,0,0.093481,0.0686985,18,../data/18.csv
18 phase1 2 CMT like 1004 but diff. initial on V3,RSE,0,0,2476.14046817841,.,.,.,.,.,.,.,.,.,.,.,.,.,.,18,../data/18.csv
19 phase1 2 CMT like 1004 but diff. initial on V3,,0,0,2739.33984294569,9.18164,19.4964,0.0623137,3.35345,98.3876,1.00316,1.33325,0.18217,0,0.149533,0,0,0.10878,0.076049,19,../data/19.csv
19 phase1 2 CMT like 1004 but diff. initial on V3,RSE,0,0,2739.33984294569,.,.,.,.,.,.,.,.,.,.,.,.,.,.,19,../data/19.csv
20 phase1 2 CMT like 1004 but diff. initial on V3,,0,0,2633.45332629999,8.64489,23.7362,0.0728177,3.98382,120.116,1.05765,1.92621,0.241981,0,0.18738,0,0,0.0608815,0.0588106,20,../data/20.csv
20 phase1 2 CMT like 1004 but diff. initial on V3,RSE,0,0,2633.45332629999,.,.,.,.,.,.,.,.,.,.,.,.,.,.,20,../data/20.csv
21 phase1 2 CMT like 1004 but diff. initial on V3,,0,0,2617.15723659542,7.85357,22.328,0.0699742,4.09508,97.7921,1.17994,2.1162,0.233939,0,0.18046,0,0,0.118139,0.0629223,21,../data/21.csv
21 phase1 2 CMT like 1004 but diff. initial on V3,RSE,0,0,2617.15723659542,.,.,.,.,.,.,.,.,.,.,.,.,.,.,21,../data/21.csv
22 phase1 2 CMT like 1004 but diff. initial on V3,,0,0,1982.40680598217,7.22871,20.564,0.0683438,3.80012,90.8607,1.17873,1.41011,0.154587,0,0.103987,0,0,0.113009,0.0671415,22,../data/22.csv
22 phase1 2 CMT like 1004 but diff. initial on V3,RSE,0,0,1982.40680598217,.,.,.,.,.,.,.,.,.,.,.,.,.,.,22,../data/22.csv
23 phase1 2 CMT like 1004 but diff. initial on V3,,0,0,2477.30213409783,9.20168,21.4131,0.0642856,4.11647,87.2198,0.768135,1.89861,0.129834,0,0.0908542,0,0,0.148533,0.0619995,23,../data/23.csv
23 phase1 2 CMT like 1004 but diff. initial on V3,RSE,0,0,2477.30213409783,.,.,.,.,.,.,.,.,.,.,.,.,.,.,23,../data/23.csv
24 phase1 2 CMT like 1004 but diff. initial on V3,,0,0,2670.78256002738,10.2845,25.7459,0.0755175,4.83889,119.203,0.747182,1.24172,0.112711,0,0.106122,0,0,0.0818938,0.0561854,24,../data/24.csv
24 phase1 2 CMT like 1004 but diff. initial on V3,RSE,0,0,2670.78256002738,.,.,.,.,.,.,.,.,.,.,.,.,.,.,24,../data/24.csv
25 phase1 2 CMT like 1004 but diff. initial on V3,,0,0,2305.41647448795,7.55737,22.5469,0.0688455,3.7758,133.591,1.20737,1.81246,0.186584,0,0.100724,0,0,0.0924395,0.06462,25,../data/25.csv
25 phase1 2 CMT like 1004 but diff. initial on V3,RSE,0,0,2305.41647448795,.,.,.,.,.,.,.,.,.,.,.,.,.,.,25,../data/25.csv
26 phase1 2 CMT like 1004 but diff. initial on V3,,0,0,2311.47453439095,8.38439,17.9198,0.0630409,3.01688,97.0259,1.06435,1.55172,0.163691,0,0.135689,0,0,0.103738,0.0756824,26,../data/26.csv
26 phase1 2 CMT like 1004 but diff. initial on V3,RSE,0,0,2311.47453439095,.,.,.,.,.,.,.,.,.,.,.,.,.,.,26,../data/26.csv
27 phase1 2 CMT like 1004 but diff. initial on V3,,0,0,2282.32355003083,8.80439,19.0699,0.0601733,3.23159,103.654,0.996984,1.45353,0.114481,0,0.111803,0,0,0.117232,0.0793099,27,../data/27.csv
27 phase1 2 CMT like 1004 but diff. initial on V3,RSE,0,0,2282.32355003083,.,.,.,.,.,.,.,.,.,.,.,.,.,.,27,../data/27.csv
28 phase1 2 CMT like 1004 but diff. initial on V3,,0,0,2505.03733049711,8.60738,23.966,0.0698329,4.13487,143.756,1.18395,1.40914,0.252953,0,0.117448,0,0,0.118004,0.0628838,28,../data/28.csv
28 phase1 2 CMT like 1004 but diff. initial on V3,RSE,0,0,2505.03733049711,.,.,.,.,.,.,.,.,.,.,.,.,.,.,28,../data/28.csv
29 phase1 2 CMT like 1004 but diff. initial on V3,,0,0,2552.35027986415,9.05513,22.9985,0.0679217,4.16803,96.972,0.950889,1.9214,0.186882,0,0.126489,0,0,0.0694523,0.062638,29,../data/29.csv
29 phase1 2 CMT like 1004 but diff. initial on V3,RSE,0,0,2552.35027986415,.,.,.,.,.,.,.,.,.,.,.,.,.,.,29,../data/29.csv
30 phase1 2 CMT like 1004 but diff. initial on V3,,0,0,2286.19778003554,8.1526,19.4082,0.0637977,3.70272,107.534,1.00304,1.72632,0.138501,0,0.199655,0,0,0.138772,0.0761249,30,../data/30.csv
30 phase1 2 CMT like 1004 but diff. initial on V3,RSE,0,0,2286.19778003554,.,.,.,.,.,.,.,.,.,.,.,.,.,.,30,../data/30.csv
31 phase1 2 CMT like 1004 but diff. initial on V3,,0,0,2457.53216590548,8.36409,21.7791,0.0732416,4.03943,98.6701,1.07003,0.806825,0.124995,0,0.130044,0,0,0.142844,0.0587554,31,../data/31.csv
31 phase1 2 CMT like 1004 but diff. initial on V3,RSE,0,0,2457.53216590548,.,.,.,.,.,.,.,.,.,.,.,.,.,.,31,../data/31.csv
32 phase1 2 CMT like 1004 but diff. initial on V3,,0,0,2346.93458385681,8.91938,19.8507,0.0640481,3.91527,100.677,0.806605,1.54739,0.1389,0,0.175967,0,0,0.150225,0.0713849,32,../data/32.csv
32 phase1 2 CMT like 1004 but diff. initial on V3,RSE,0,0,2346.93458385681,.,.,.,.,.,.,.,.,.,.,.,.,.,.,32,../data/32.csv
33 phase1 2 CMT like 1004 but diff. initial on V3,,0,0,2740.11308012402,8.60092,22.8854,0.0733375,4.04904,114.331,1.31377,1.21276,0.223771,0,0.139894,0,0,0.0895652,0.0669836,33,../data/33.csv
33 phase1 2 CMT like 1004 but diff. initial on V3,RSE,0,0,2740.11308012402,.,.,.,.,.,.,.,.,.,.,.,.,.,.,33,../data/33.csv
34 phase1 2 CMT like 1004 but diff. initial on V3,,0,0,1810.01760446094,8.55837,22.0004,0.0695872,3.86381,86.1263,1.05541,1.41551,0.225224,0,0.0874971,0,0,0.119458,0.0645073,34,../data/34.csv
34 phase1 2 CMT like 1004 but diff. initial on V3,RSE,0,0,1810.01760446094,.,.,.,.,.,.,.,.,.,.,.,.,.,.,34,../data/34.csv
35 phase1 2 CMT like 1004 but diff. initial on V3,,0,0,2645.20540502448,9.24496,18.2339,0.0593782,3.10241,81.2079,0.802482,1.47491,0.145219,0,0.137611,0,0,0.107475,0.0762776,35,../data/35.csv
35 phase1 2 CMT like 1004 but diff. initial on V3,RSE,0,0,2645.20540502448,.,.,.,.,.,.,.,.,.,.,.,.,.,.,35,../data/35.csv
36 phase1 2 CMT like 1004 but diff. initial on V3,,0,0,2302.59811845191,7.92791,16.9192,0.0579616,3.50413,122.544,0.968099,1.75112,0.259175,0,0.10023,0,0,0.0986187,0.0885837,36,../data/36.csv
36 phase1 2 CMT like 1004 but diff. initial on V3,RSE,0,0,2302.59811845191,.,.,.,.,.,.,.,.,.,.,.,.,.,.,36,../data/36.csv
37 phase1 2 CMT like 1004 but diff. initial on V3,,0,0,2555.34137438038,9.32727,20.364,0.0730042,4.53824,108.596,0.881359,1.54885,0.147377,0,0.0926767,0,0,0.113222,0.0722907,37,../data/37.csv
37 phase1 2 CMT like 1004 but diff. initial on V3,RSE,0,0,2555.34137438038,.,.,.,.,.,.,.,.,.,.,.,.,.,.,37,../data/37.csv
38 phase1 2 CMT like 1004 but diff. initial on V3,,0,0,2051.78408809327,9.27108,23.8103,0.0703248,4.24851,144.123,0.987103,1.39409,0.157351,0,0.150077,0,0,0.106836,0.0771358,38,../data/38.csv
38 phase1 2 CMT like 1004 but diff. initial on V3,RSE,0,0,2051.78408809327,.,.,.,.,.,.,.,.,.,.,.,.,.,.,38,../data/38.csv
39 phase1 2 CMT like 1004 but diff. initial on V3,,0,0,2722.54106447364,9.61983,24.5855,0.0722924,4.00151,112.338,0.998229,1.79013,0.232672,0,0.128293,0,0,0.0750741,0.0647413,39,../data/39.csv
39 phase1 2 CMT like 1004 but diff. initial on V3,RSE,0,0,2722.54106447364,.,.,.,.,.,.,.,.,.,.,.,.,.,.,39,../data/39.csv
40 phase1 2 CMT like 1004 but diff. initial on V3,,0,0,2763.58326695423,8.83752,26.1861,0.0836923,4.93057,99.3439,0.808991,2.15342,0.140121,0,0.119791,0,0,0.104012,0.055287,40,../data/40.csv
40 phase1 2 CMT like 1004 but diff. initial on V3,RSE,0,0,2763.58326695423,.,.,.,.,.,.,.,.,.,.,.,.,.,.,40,../data/40.csv
41 phase1 2 CMT like 1004 but diff. initial on V3,,0,0,2448.51794923197,10.5528,22.5923,0.0674084,3.32181,99.4827,0.769381,1.43266,0.111483,0,0.10606,0,0,0.0770697,0.062931,41,../data/41.csv
41 phase1 2 CMT like 1004 but diff. initial on V3,RSE,0,0,2448.51794923197,.,.,.,.,.,.,.,.,.,.,.,.,.,.,41,../data/41.csv
42 phase1 2 CMT like 1004 but diff. initial on V3,,0,0,2680.65455642092,10.2393,20.2349,0.0663742,3.55255,86.7223,0.924153,1.2799,0.285974,0,0.118992,0,0,0.0968686,0.0649446,42,../data/42.csv
42 phase1 2 CMT like 1004 but diff. initial on V3,RSE,0,0,2680.65455642092,.,.,.,.,.,.,.,.,.,.,.,.,.,.,42,../data/42.csv
43 phase1 2 CMT like 1004 but diff. initial on V3,,0,0,2607.79513425571,8.07955,19.8318,0.0651499,3.96875,124.085,0.828919,2.03114,0.189538,0,0.141302,0,0,0.109698,0.0723617,43,../data/43.csv
43 phase1 2 CMT like 1004 but diff. initial on V3,RSE,0,0,2607.79513425571,.,.,.,.,.,.,.,.,.,.,.,.,.,.,43,../data/43.csv
44 phase1 2 CMT like 1004 but diff. initial on V3,,0,0,2198.41325434542,8.96904,22.7858,0.0617009,4.13562,132.521,0.875993,1.93864,0.132351,0,0.176833,0,0,0.0999488,0.082829,44,../data/44.csv
44 phase1 2 CMT like 1004 but diff. initial on V3,RSE,0,0,2198.41325434542,.,.,.,.,.,.,.,.,.,.,.,.,.,.,44,../data/44.csv
45 phase1 2 CMT like 1004 but diff. initial on V3,,0,0,2355.82376773969,7.70886,18.1138,0.0606854,3.08655,112.859,1.10672,1.36815,0.233808,0,0.164816,0,0,0.113417,0.0745411,45,../data/45.csv
45 phase1 2 CMT like 1004 but diff. initial on V3,RSE,0,0,2355.82376773969,.,.,.,.,.,.,.,.,.,.,.,.,.,.,45,../data/45.csv
46 phase1 2 CMT like 1004 but diff. initial on V3,,0,0,2331.66744344846,8.42436,23.8299,0.07537,4.42119,107.122,1.06105,1.98503,0.19232,0,0.0611897,0,0,0.104589,0.0730149,46,../data/46.csv
46 phase1 2 CMT like 1004 but diff. initial on V3,RSE,0,0,2331.66744344846,.,.,.,.,.,.,.,.,.,.,.,.,.,.,46,../data/46.csv
47 phase1 2 CMT like 1004 but diff. initial on V3,,0,0,2186.7862797133,9.93692,22.9278,0.0685452,4.55296,118.829,0.888011,1.32689,0.281949,0,0.0653147,0,0,0.118894,0.0725348,47,../data/47.csv
47 phase1 2 CMT like 1004 but diff. initial on V3,RSE,0,0,2186.7862797133,.,.,.,.,.,.,.,.,.,.,.,.,.,.,47,../data/47.csv
48 phase1 2 CMT like 1004 but diff. initial on V3,,0,0,2468.83828492787,8.3663,21.5146,0.0601789,4.05776,188.883,0.775662,1.92008,0.136673,0,0.125735,0,0,0.106635,0.0757959,48,../data/48.csv
48 phase1 2 CMT like 1004 but diff. initial on V3,RSE,0,0,2468.83828492787,.,.,.,.,.,.,.,.,.,.,.,.,.,.,48,../data/48.csv
49 phase1 2 CMT like 1004 but diff. initial on V3,,0,0,2608.59827299473,10.0811,24.2987,0.0728024,3.78698,105.75,1.0825,1.40356,0.22896,0,0.0640678,0,0,0.0746411,0.0580261,49,../data/49.csv
49 phase1 2 CMT like 1004 but diff. initial on V3,RSE,0,0,2608.59827299473,.,.,.,.,.,.,.,.,.,.,.,.,.,.,49,../data/49.csv
50 phase1 2 CMT like 1004 but diff. initial on V3,,0,0,2285.33737212754,8.96782,19.9801,0.0666803,3.93393,115.087,1.01543,1.15079,0.139189,0,0.112865,0,0,0.132809,0.0736168,50,../data/50.csv
50 phase1 2 CMT like 1004 but diff. initial on V3,RSE,0,0,2285.33737212754,.,.,.,.,.,.,.,.,.,.,.,.,.,.,50,../data/50.csv
51 phase1 2 CMT like 1004 but diff. initial on V3,,0,0,2389.99011460068,9.53202,23.4614,0.0754755,4.53044,115.204,0.868082,1.58849,0.20108,0,0.148122,0,0,0.152183,0.0631299,51,../data/51.csv
51 phase1 2 CMT like 1004 but diff. initial on V3,RSE,0,0,2389.99011460068,.,.,.,.,.,.,.,.,.,.,.,.,.,.,51,../data/51.csv
52 phase1 2 CMT like 1004 but diff. initial on V3,,0,0,2573.75552138714,6.84842,18.8514,0.060053,4.72771,991,1.09301,1.49168,0.214251,0,0.128017,0,0,0.0820219,0.0769368,52,../data/52.csv
52 phase1 2 CMT like 1004 but diff. initial on V3,RSE,0,0,2573.75552138714,.,.,.,.,.,.,.,.,.,.,.,.,.,.,52,../data/52.csv
53 phase1 2 CMT like 1004 but diff. initial on V3,,0,0,2379.89212569417,9.45108,18.5527,0.0698348,3.36741,86.4116,1.10751,0.846222,0.176578,0,0.10851,0,0,0.123244,0.0795667,53,../data/53.csv
53 phase1 2 CMT like 1004 but diff. initial on V3,RSE,0,0,2379.89212569417,.,.,.,.,.,.,.,.,.,.,.,.,.,.,53,../data/53.csv
54 phase1 2 CMT like 1004 but diff. initial on V3,,0,0,2361.24003298034,8.21187,20.4344,0.0635311,3.59205,99.4981,0.878667,2.05966,0.11018,0,0.171742,0,0,0.140127,0.0705218,54,../data/54.csv
54 phase1 2 CMT like 1004 but diff. initial on V3,RSE,0,0,2361.24003298034,.,.,.,.,.,.,.,.,.,.,.,.,.,.,54,../data/54.csv
55 phase1 2 CMT like 1004 but diff. initial on V3,,0,0,2666.18707101016,8.59005,22.9695,0.0719631,4.31934,122.081,1.14522,1.40599,0.233659,0,0.101908,0,0,0.0637147,0.0656895,55,../data/55.csv
55 phase1 2 CMT like 1004 but diff. initial on V3,RSE,0,0,2666.18707101016,.,.,.,.,.,.,.,.,.,.,.,.,.,.,55,../data/55.csv
56 phase1 2 CMT like 1004 but diff. initial on V3,,0,0,2485.76699266607,9.3997,24.3201,0.0717083,4.52685,122.211,1.19188,0.874051,0.255282,0,0.0659391,0,0,0.115194,0.063617,56,../data/56.csv
56 phase1 2 CMT like 1004 but diff. initial on V3,RSE,0,0,2485.76699266607,.,.,.,.,.,.,.,.,.,.,.,.,.,.,56,../data/56.csv
57 phase1 2 CMT like 1004 but diff. initial on V3,,0,0,2765.92363984216,7.88236,23.8649,0.0701517,3.51879,109.404,1.2899,1.78833,0.208451,0,0.145,0,0,0.0645925,0.0585777,57,../data/57.csv
57 phase1 2 CMT like 1004 but diff. initial on V3,RSE,0,0,2765.92363984216,.,.,.,.,.,.,.,.,.,.,.,.,.,.,57,../data/57.csv
58 phase1 2 CMT like 1004 but diff. initial on V3,,0,0,2458.03132893826,8.23415,21.4899,0.0692743,3.13335,89.9318,1.0736,1.85914,0.246969,0,0.121207,0,0,0.081369,0.0639028,58,../data/58.csv
58 phase1 2 CMT like 1004 but diff. initial on V3,RSE,0,0,2458.03132893826,.,.,.,.,.,.,.,.,.,.,.,.,.,.,58,../data/58.csv
59 phase1 2 CMT like 1004 but diff. initial on V3,,0,0,2437.24962839408,9.18151,23.6196,0.0770146,4.13723,146.891,0.892691,1.48859,0.205358,0,0.0942155,0,0,0.140861,0.0618953,59,../data/59.csv
59 phase1 2 CMT like 1004 but diff. initial on V3,RSE,0,0,2437.24962839408,.,.,.,.,.,.,.,.,.,.,.,.,.,.,59,../data/59.csv
60 phase1 2 CMT like 1004 but diff. initial on V3,,0,0,2229.87473398264,9.13355,20.9814,0.0656208,3.86261,130.049,1.08002,1.21904,0.176992,0,0.168846,0,0,0.14918,0.0791173,60,../data/60.csv
60 phase1 2 CMT like 1004 but diff. initial on V3,RSE,0,0,2229.87473398264,.,.,.,.,.,.,.,.,.,.,.,.,.,.,60,../data/60.csv
61 phase1 2 CMT like 1004 but diff. initial on V3,,0,0,2484.40233529257,9.29816,21.3097,0.0671728,3.7398,118.771,1.01017,1.72199,0.180299,0,0.173704,0,0,0.099511,0.0745749,61,../data/61.csv
61 phase1 2 CMT like 1004 but diff. initial on V3,RSE,0,0,2484.40233529257,.,.,.,.,.,.,.,.,.,.,.,.,.,.,61,../data/61.csv
62 phase1 2 CMT like 1004 but diff. initial on V3,,0,0,2464.46096981222,7.99548,25.3317,0.081358,5.19894,108.79,0.843025,2.24344,0.171342,0,0.0375606,0,0,0.106782,0.0571771,62,../data/62.csv
62 phase1 2 CMT like 1004 but diff. initial on V3,RSE,0,0,2464.46096981222,.,.,.,.,.,.,.,.,.,.,.,.,.,.,62,../data/62.csv
63 phase1 2 CMT like 1004 but diff. initial on V3,,0,0,2275.63540964272,8.49114,24.7974,0.0690621,4.8859,133.784,0.878396,2.39903,0.129559,0,0.120566,0,0,0.0898964,0.0834401,63,../data/63.csv
63 phase1 2 CMT like 1004 but diff. initial on V3,RSE,0,0,2275.63540964272,.,.,.,.,.,.,.,.,.,.,.,.,.,.,63,../data/63.csv
64 phase1 2 CMT like 1004 but diff. initial on V3,,0,0,1906.30856056732,9.25221,22.434,0.0734967,5.56468,111.538,0.816871,1.66595,0.129739,0,0.121046,0,0,0.108275,0.0765949,64,../data/64.csv
64 phase1 2 CMT like 1004 but diff. initial on V3,RSE,0,0,1906.30856056732,.,.,.,.,.,.,.,.,.,.,.,.,.,.,64,../data/64.csv
65 phase1 2 CMT like 1004 but diff. initial on V3,,0,0,2430.88334913674,9.27665,27.2429,0.0745307,6.10877,131.514,0.836382,1.87474,0.127794,0,0.0785388,0,0,0.0998056,0.0755373,65,../data/65.csv
65 phase1 2 CMT like 1004 but diff. initial on V3,RSE,0,0,2430.88334913674,.,.,.,.,.,.,.,.,.,.,.,.,.,.,65,../data/65.csv
66 phase1 2 CMT like 1004 but diff. initial on V3,,0,0,2673.67052805522,7.65905,25.3029,0.0730037,4.539,102.013,1.07307,2.2108,0.18378,0,0.142291,0,0,0.147953,0.0601704,66,../data/66.csv
66 phase1 2 CMT like 1004 but diff. initial on V3,RSE,0,0,2673.67052805522,.,.,.,.,.,.,.,.,.,.,.,.,.,.,66,../data/66.csv
67 phase1 2 CMT like 1004 but diff. initial on V3,,0,0,2306.80181737521,8.89784,16.9681,0.0625604,3.11422,86.1307,0.93491,1.33741,0.163845,0,0.0718625,0,0,0.106448,0.0835586,67,../data/67.csv
67 phase1 2 CMT like 1004 but diff. initial on V3,RSE,0,0,2306.80181737521,.,.,.,.,.,.,.,.,.,.,.,.,.,.,67,../data/67.csv
68 phase1 2 CMT like 1004 but diff. initial on V3,,0,0,2180.27459181346,9.36289,22.9013,0.0747594,4.44351,131.706,0.932911,1.39204,0.192969,0,0.11428,0,0,0.135457,0.0718603,68,../data/68.csv
68 phase1 2 CMT like 1004 but diff. initial on V3,RSE,0,0,2180.27459181346,.,.,.,.,.,.,.,.,.,.,.,.,.,.,68,../data/68.csv
69 phase1 2 CMT like 1004 but diff. initial on V3,,0,0,2698.47458917802,7.34172,22.5567,0.0833135,4.20752,106.598,1.28822,1.55686,0.25505,0,0.0545178,0,0,0.0875911,0.0582379,69,../data/69.csv
69 phase1 2 CMT like 1004 but diff. initial on V3,RSE,0,0,2698.47458917802,.,.,.,.,.,.,.,.,.,.,.,.,.,.,69,../data/69.csv
70 phase1 2 CMT like 1004 but diff. initial on V3,,0,0,2504.05808598769,8.64911,23.7236,0.0731321,3.95383,99.4409,1.00513,1.90594,0.189744,0,0.145026,0,0,0.0681671,0.056166,70,../data/70.csv
70 phase1 2 CMT like 1004 but diff. initial on V3,RSE,0,0,2504.05808598769,.,.,.,.,.,.,.,.,.,.,.,.,.,.,70,../data/70.csv
71 phase1 2 CMT like 1004 but diff. initial on V3,,0,0,2526.77439151058,8.76914,25.0275,0.0694481,4.77321,129.15,0.963713,2.06465,0.158425,0,0.130471,0,0,0.115477,0.0662747,71,../data/71.csv
71 phase1 2 CMT like 1004 but diff. initial on V3,RSE,0,0,2526.77439151058,.,.,.,.,.,.,.,.,.,.,.,.,.,.,71,../data/71.csv
72 phase1 2 CMT like 1004 but diff. initial on V3,,0,0,2351.56906291083,7.81823,22.9473,0.0740305,4.29864,90.5991,0.843967,2.3691,0.107702,0,0.122046,0,0,0.105587,0.0658006,72,../data/72.csv
72 phase1 2 CMT like 1004 but diff. initial on V3,RSE,0,0,2351.56906291083,.,.,.,.,.,.,.,.,.,.,.,.,.,.,72,../data/72.csv
73 phase1 2 CMT like 1004 but diff. initial on V3,,0,0,2104.77553718479,8.66981,19.3915,0.0667261,3.74304,88.5733,0.715513,2.15754,0.133591,0,0.138392,0,0,0.122984,0.0708915,73,../data/73.csv
73 phase1 2 CMT like 1004 but diff. initial on V3,RSE,0,0,2104.77553718479,.,.,.,.,.,.,.,.,.,.,.,.,.,.,73,../data/73.csv
74 phase1 2 CMT like 1004 but diff. initial on V3,,0,0,2245.39950962468,8.35451,21.8751,0.0670546,4.74831,112.056,0.738537,2.52486,0.0741138,0,0.197705,0,0,0.122989,0.0838115,74,../data/74.csv
74 phase1 2 CMT like 1004 but diff. initial on V3,RSE,0,0,2245.39950962468,.,.,.,.,.,.,.,.,.,.,.,.,.,.,74,../data/74.csv
75 phase1 2 CMT like 1004 but diff. initial on V3,,0,0,2308.8018511899,10.6419,22.1141,0.0672203,3.57862,108.655,0.891942,1.58731,0.177755,0,0.140934,0,0,0.0959244,0.0689291,75,../data/75.csv
75 phase1 2 CMT like 1004 but diff. initial on V3,RSE,0,0,2308.8018511899,.,.,.,.,.,.,.,.,.,.,.,.,.,.,75,../data/75.csv
76 phase1 2 CMT like 1004 but diff. initial on V3,,0,0,2701.1179650513,7.83503,19.297,0.0652409,3.18149,96.9692,1.26979,1.3149,0.153741,0,0.139845,0,0,0.111332,0.063218,76,../data/76.csv
76 phase1 2 CMT like 1004 but diff. initial on V3,RSE,0,0,2701.1179650513,.,.,.,.,.,.,.,.,.,.,.,.,.,.,76,../data/76.csv
77 phase1 2 CMT like 1004 but diff. initial on V3,,0,0,2323.09776175851,8.6909,20.7822,0.0622854,3.31837,106.769,1.06484,1.37248,0.216305,0,0.170023,0,0,0.0974468,0.072648,77,../data/77.csv
77 phase1 2 CMT like 1004 but diff. initial on V3,RSE,0,0,2323.09776175851,.,.,.,.,.,.,.,.,.,.,.,.,.,.,77,../data/77.csv
78 phase1 2 CMT like 1004 but diff. initial on V3,,0,0,2121.04387625373,9.30822,18.6592,0.0624472,3.23333,107.124,0.880226,1.36415,0.119207,0,0.136922,0,0,0.119618,0.0767031,78,../data/78.csv
78 phase1 2 CMT like 1004 but diff. initial on V3,RSE,0,0,2121.04387625373,.,.,.,.,.,.,.,.,.,.,.,.,.,.,78,../data/78.csv
79 phase1 2 CMT like 1004 but diff. initial on V3,,0,0,2448.82249965445,8.28918,22.4986,0.0746502,3.7938,125.33,1.09229,2.00171,0.215501,0,0.133895,0,0,0.0848287,0.0680689,79,../data/79.csv
79 phase1 2 CMT like 1004 but diff. initial on V3,RSE,0,0,2448.82249965445,.,.,.,.,.,.,.,.,.,.,.,.,.,.,79,../data/79.csv
80 phase1 2 CMT like 1004 but diff. initial on V3,,0,0,2606.7533981855,7.5677,20.7461,0.0625707,2.82853,125.638,1.00283,1.92285,0.163525,0,0.167808,0,0,0.0814489,0.0590003,80,../data/80.csv
80 phase1 2 CMT like 1004 but diff. initial on V3,RSE,0,0,2606.7533981855,.,.,.,.,.,.,.,.,.,.,.,.,.,.,80,../data/80.csv
81 phase1 2 CMT like 1004 but diff. initial on V3,,0,0,2521.81273790829,8.0742,19.431,0.0650846,3.25006,118.151,1.18082,0.990968,0.16259,0,0.101868,0,0,0.129427,0.07077,81,../data/81.csv
81 phase1 2 CMT like 1004 but diff. initial on V3,RSE,0,0,2521.81273790829,.,.,.,.,.,.,.,.,.,.,.,.,.,.,81,../data/81.csv
82 phase1 2 CMT like 1004 but diff. initial on V3,,0,0,2577.82410293486,8.26662,21.2909,0.069844,4.39004,91.2171,0.836503,1.45111,0.185453,0,0.106909,0,0,0.15489,0.0640697,82,../data/82.csv
82 phase1 2 CMT like 1004 but diff. initial on V3,RSE,0,0,2577.82410293486,.,.,.,.,.,.,.,.,.,.,.,.,.,.,82,../data/82.csv
83 phase1 2 CMT like 1004 but diff. initial on V3,,0,0,2170.35066281383,8.6099,20.2912,0.0640962,3.43024,128.733,0.96248,1.40246,0.216745,0,0.152138,0,0,0.100129,0.0723652,83,../data/83.csv
83 phase1 2 CMT like 1004 but diff. initial on V3,RSE,0,0,2170.35066281383,.,.,.,.,.,.,.,.,.,.,.,.,.,.,83,../data/83.csv
84 phase1 2 CMT like 1004 but diff. initial on V3,,0,0,2451.28033433429,8.57886,26.2128,0.0759256,4.29903,123.978,1.06512,1.64611,0.156605,0,0.0579494,0,0,0.135809,0.0515092,84,../data/84.csv
84 phase1 2 CMT like 1004 but diff. initial on V3,RSE,0,0,2451.28033433429,.,.,.,.,.,.,.,.,.,.,.,.,.,.,84,../data/84.csv
85 phase1 2 CMT like 1004 but diff. initial on V3,,0,0,2269.59054139936,8.0052,19.6201,0.0652284,3.59088,86.2463,0.958506,1.72542,0.180197,0,0.104906,0,0,0.103254,0.0665619,85,../data/85.csv
85 phase1 2 CMT like 1004 but diff. initial on V3,RSE,0,0,2269.59054139936,.,.,.,.,.,.,.,.,.,.,.,.,.,.,85,../data/85.csv
86 phase1 2 CMT like 1004 but diff. initial on V3,,0,0,2502.5402774057,8.29377,20.5731,0.0692604,3.8837,88.735,0.951061,1.94828,0.183718,0,0.136635,0,0,0.131702,0.066409,86,../data/86.csv
86 phase1 2 CMT like 1004 but diff. initial on V3,RSE,0,0,2502.5402774057,.,.,.,.,.,.,.,.,.,.,.,.,.,.,86,../data/86.csv
87 phase1 2 CMT like 1004 but diff. initial on V3,,0,0,2546.79783839129,8.30012,22.2064,0.0723717,3.36175,133.774,1.04112,1.36858,0.130958,0,0.0805874,0,0,0.0936139,0.0563351,87,../data/87.csv
87 phase1 2 CMT like 1004 but diff. initial on V3,RSE,0,0,2546.79783839129,.,.,.,.,.,.,.,.,.,.,.,.,.,.,87,../data/87.csv
88 phase1 2 CMT like 1004 but diff. initial on V3,,0,0,2977.87975280183,8.57457,18.6978,0.0621999,2.68245,76.6663,1.05699,1.14671,0.110158,0,0.110721,0,0,0.0784271,0.0677839,88,../data/88.csv
88 phase1 2 CMT like 1004 but diff. initial on V3,RSE,0,0,2977.87975280183,.,.,.,.,.,.,.,.,.,.,.,.,.,.,88,../data/88.csv
89 phase1 2 CMT like 1004 but diff. initial on V3,,0,0,2868.61415912515,7.50529,20.609,0.0731245,3.74394,112.014,1.06363,2.23805,0.293396,0,0.143228,0,0,0.0984362,0.0575697,89,../data/89.csv
89 phase1 2 CMT like 1004 but diff. initial on V3,RSE,0,0,2868.61415912515,.,.,.,.,.,.,.,.,.,.,.,.,.,.,89,../data/89.csv
90 phase1 2 CMT like 1004 but diff. initial on V3,,0,0,2541.57986914196,8.10114,22.417,0.0646333,4.08523,102.514,0.841648,2.11583,0.170115,0,0.106817,0,0,0.110908,0.0642741,90,../data/90.csv
90 phase1 2 CMT like 1004 but diff. initial on V3,RSE,0,0,2541.57986914196,.,.,.,.,.,.,.,.,.,.,.,.,.,.,90,../data/90.csv
91 phase1 2 CMT like 1004 but diff. initial on V3,,0,0,2540.27201303706,7.58555,21.9282,0.0632597,3.87196,103.143,1.22798,1.61288,0.16599,0,0.0953829,0,0,0.151685,0.0647632,91,../data/91.csv
91 phase1 2 CMT like 1004 but diff. initial on V3,RSE,0,0,2540.27201303706,.,.,.,.,.,.,.,.,.,.,.,.,.,.,91,../data/91.csv
92 phase1 2 CMT like 1004 but diff. initial on V3,,0,0,2765.456305174,7.69351,25.1782,0.0696813,3.89624,115.506,1.21057,2.13375,0.170907,0,0.0808716,0,0,0.126746,0.0529617,92,../data/92.csv
92 phase1 2 CMT like 1004 but diff. initial on V3,RSE,0,0,2765.456305174,.,.,.,.,.,.,.,.,.,.,.,.,.,.,92,../data/92.csv
93 phase1 2 CMT like 1004 but diff. initial on V3,,0,0,2106.45528681776,8.43899,20.5154,0.066811,4.13608,131.085,0.90582,1.75014,0.22677,0,0.136299,0,0,0.137324,0.0801471,93,../data/93.csv
93 phase1 2 CMT like 1004 but diff. initial on V3,RSE,0,0,2106.45528681776,.,.,.,.,.,.,.,.,.,.,.,.,.,.,93,../data/93.csv
94 phase1 2 CMT like 1004 but diff. initial on V3,,0,0,2585.78490603382,8.03884,22.4717,0.0660158,3.57271,126.692,1.29784,1.42754,0.181262,0,0.120293,0,0,0.113173,0.0643559,94,../data/94.csv
94 phase1 2 CMT like 1004 but diff. initial on V3,RSE,0,0,2585.78490603382,.,.,.,.,.,.,.,.,.,.,.,.,.,.,94,../data/94.csv
95 phase1 2 CMT like 1004 but diff. initial on V3,,0,0,2386.01857206513,10.0646,23.0607,0.0681411,3.65197,102.136,0.849262,1.60487,0.167296,0,0.110589,0,0,0.114506,0.0694014,95,../data/95.csv
95 phase1 2 CMT like 1004 but diff. initial on V3,RSE,0,0,2386.01857206513,.,.,.,.,.,.,.,.,.,.,.,.,.,.,95,../data/95.csv
96 phase1 2 CMT like 1004 but diff. initial on V3,,0,0,2595.76940789799,8.56458,20.0818,0.0647977,3.1596,100.67,1.21528,1.61242,0.240785,0,0.127024,0,0,0.10579,0.0691617,96,../data/96.csv
96 phase1 2 CMT like 1004 but diff. initial on V3,RSE,0,0,2595.76940789799,.,.,.,.,.,.,.,.,.,.,.,.,.,.,96,../data/96.csv
97 phase1 2 CMT like 1004 but diff. initial on V3,,0,0,2872.22262851993,7.36997,20.1612,0.0650476,3.34134,80.415,1.28878,1.89108,0.192756,0,0.106095,0,0,0.0797948,0.0552664,97,../data/97.csv
97 phase1 2 CMT like 1004 but diff. initial on V3,RSE,0,0,2872.22262851993,.,.,.,.,.,.,.,.,.,.,.,.,.,.,97,../data/97.csv
98 phase1 2 CMT like 1004 but diff. initial on V3,,0,0,2506.92405739206,7.97603,25.687,0.0712172,4.08028,101.179,1.02702,2.32218,0.172457,0,0.124104,0,0,0.0548156,0.05766,98,../data/98.csv
98 phase1 2 CMT like 1004 but diff. initial on V3,RSE,0,0,2506.92405739206,.,.,.,.,.,.,.,.,.,.,.,.,.,.,98,../data/98.csv
99 phase1 2 CMT like 1004 but diff. initial on V3,,0,0,2445.17618346193,8.472,19.7767,0.0686283,3.82299,111.032,0.841255,2.13627,0.0990473,0,0.123952,0,0,0.0978472,0.0791836,99,../data/99.csv
99 phase1 2 CMT like 1004 but diff. initial on V3,RSE,0,0,2445.17618346193,.,.,.,.,.,.,.,.,.,.,.,.,.,.,99,../data/99.csv
100 phase1 2 CMT like 1004 but diff. initial on V3,,0,0,2286.2651433315,8.01091,20.7402,0.0707257,4.06639,116.173,0.847077,1.82687,0.142289,0,0.148707,0,0,0.132633,0.0724707,100,../data/100.csv
100 phase1 2 CMT like 1004 but diff. initial on V3,RSE,0,0,2286.2651433315,.,.,.,.,.,.,.,.,.,.,.,.,.,.,100,../data/100.csv
101 phase1 2 CMT like 1004 but diff. initial on V3,,0,0,2930.59518937465,7.97867,21.9161,0.0688275,3.16125,146.368,1.09489,2.1432,0.210647,0,0.166056,0,0,0.0559588,0.0565697,101,../data/101.csv
101 phase1 2 CMT like 1004 but diff. initial on V3,RSE,0,0,2930.59518937465,.,.,.,.,.,.,.,.,.,.,.,.,.,.,101,../data/101.csv
102 phase1 2 CMT like 1004 but diff. initial on V3,,0,0,2435.68016801905,8.64757,18.2714,0.061838,3.16,112.914,0.851258,1.71223,0.103263,0,0.0881184,0,0,0.131166,0.073609,102,../data/102.csv
102 phase1 2 CMT like 1004 but diff. initial on V3,RSE,0,0,2435.68016801905,.,.,.,.,.,.,.,.,.,.,.,.,.,.,102,../data/102.csv
103 phase1 2 CMT like 1004 but diff. initial on V3,,0,0,2538.29433463633,7.58353,22.1543,0.0667764,4.60389,175.669,0.878071,2.16029,0.254457,0,0.137744,0,0,0.091383,0.0676776,103,../data/103.csv
103 phase1 2 CMT like 1004 but diff. initial on V3,RSE,0,0,2538.29433463633,.,.,.,.,.,.,.,.,.,.,.,.,.,.,103,../data/103.csv
104 phase1 2 CMT like 1004 but diff. initial on V3,,0,0,2500.61107803864,8.93722,19.9727,0.0619683,3.00963,96.8273,1.02917,1.21501,0.211819,0,0.0774472,0,0,0.0969279,0.0706301,104,../data/104.csv
104 phase1 2 CMT like 1004 but diff. initial on V3,RSE,0,0,2500.61107803864,.,.,.,.,.,.,.,.,.,.,.,.,.,.,104,../data/104.csv
105 phase1 2 CMT like 1004 but diff. initial on V3,,0,0,2116.85125617269,8.79654,22.7939,0.0654216,4.41191,164.865,1.00212,1.43269,0.169176,0,0.103107,0,0,0.11725,0.0728535,105,../data/105.csv
105 phase1 2 CMT like 1004 but diff. initial on V3,RSE,0,0,2116.85125617269,.,.,.,.,.,.,.,.,.,.,.,.,.,.,105,../data/105.csv
106 phase1 2 CMT like 1004 but diff. initial on V3,,0,0,2567.68238283553,8.58604,22.8529,0.063982,4.37426,235.058,1.21167,1.30373,0.281344,0,0.192697,0,0,0.101062,0.0763756,106,../data/106.csv
106 phase1 2 CMT like 1004 but diff. initial on V3,RSE,0,0,2567.68238283553,.,.,.,.,.,.,.,.,.,.,.,.,.,.,106,../data/106.csv
107 phase1 2 CMT like 1004 but diff. initial on V3,,0,0,2670.98740696797,9.02034,25.1968,0.0774,4.58702,106.493,0.981677,1.54174,0.158332,0,0.143285,0,0,0.0947129,0.0542325,107,../data/107.csv
107 phase1 2 CMT like 1004 but diff. initial on V3,RSE,0,0,2670.98740696797,.,.,.,.,.,.,.,.,.,.,.,.,.,.,107,../data/107.csv
108 phase1 2 CMT like 1004 but diff. initial on V3,,0,0,2085.84300691833,8.79506,18.9525,0.0692636,4.28809,89.8034,0.984316,1.46542,0.181709,0,0.135826,0,0,0.145198,0.080846,108,../data/108.csv
108 phase1 2 CMT like 1004 but diff. initial on V3,RSE,0,0,2085.84300691833,.,.,.,.,.,.,.,.,.,.,.,.,.,.,108,../data/108.csv
109 phase1 2 CMT like 1004 but diff. initial on V3,,0,0,2170.68438455578,9.35287,21.032,0.0598356,3.21212,98.2611,1.06432,1.2149,0.131883,0,0.134746,0,0,0.133481,0.0788218,109,../data/109.csv
109 phase1 2 CMT like 1004 but diff. initial on V3,RSE,0,0,2170.68438455578,.,.,.,.,.,.,.,.,.,.,.,.,.,.,109,../data/109.csv
110 phase1 2 CMT like 1004 but diff. initial on V3,,0,0,2594.12201178568,7.94649,24.4715,0.0689051,3.91797,111.877,1.12811,2.46822,0.177886,0,0.163376,0,0,0.0669772,0.0609452,110,../data/110.csv
110 phase1 2 CMT like 1004 but diff. initial on V3,RSE,0,0,2594.12201178568,.,.,.,.,.,.,.,.,.,.,.,.,.,.,110,../data/110.csv
111 phase1 2 CMT like 1004 but diff. initial on V3,,0,0,2448.61961991623,9.69462,20.8611,0.073071,3.71784,136.641,0.908837,0.866347,0.164094,0,0.136057,0,0,0.12646,0.068146,111,../data/111.csv
111 phase1 2 CMT like 1004 but diff. initial on V3,RSE,0,0,2448.61961991623,.,.,.,.,.,.,.,.,.,.,.,.,.,.,111,../data/111.csv
112 phase1 2 CMT like 1004 but diff. initial on V3,,0,0,2885.14597949694,8.34596,24.1761,0.0749577,4.16116,115.702,1.08008,1.97886,0.221426,0,0.0917496,0,0,0.0954479,0.0599193,112,../data/112.csv
112 phase1 2 CMT like 1004 but diff. initial on V3,RSE,0,0,2885.14597949694,.,.,.,.,.,.,.,.,.,.,.,.,.,.,112,../data/112.csv
113 phase1 2 CMT like 1004 but diff. initial on V3,,0,0,2760.05391893369,8.02269,22.5646,0.0807929,4.74266,95.2495,0.822907,2.09886,0.226849,0,0.108032,0,0,0.110081,0.0520071,113,../data/113.csv
113 phase1 2 CMT like 1004 but diff. initial on V3,RSE,0,0,2760.05391893369,.,.,.,.,.,.,.,.,.,.,.,.,.,.,113,../data/113.csv
114 phase1 2 CMT like 1004 but diff. initial on V3,,0,0,2424.12892933531,9.13524,23.9479,0.0651275,4.15449,120.452,1.01757,1.62354,0.258915,0,0.0806353,0,0,0.083482,0.069061,114,../data/114.csv
114 phase1 2 CMT like 1004 but diff. initial on V3,RSE,0,0,2424.12892933531,.,.,.,.,.,.,.,.,.,.,.,.,.,.,114,../data/114.csv
115 phase1 2 CMT like 1004 but diff. initial on V3,,0,0,2315.88128271052,8.48462,27.2679,0.0762184,4.99402,104.705,0.936933,1.89766,0.134826,0,0.109458,0,0,0.141244,0.0603331,115,../data/115.csv
115 phase1 2 CMT like 1004 but diff. initial on V3,RSE,0,0,2315.88128271052,.,.,.,.,.,.,.,.,.,.,.,.,.,.,115,../data/115.csv
116 phase1 2 CMT like 1004 but diff. initial on V3,,0,0,2360.88999645251,8.30965,20.5376,0.0698302,3.84711,104.312,0.919642,1.5764,0.158625,0,0.13086,0,0,0.116854,0.07127,116,../data/116.csv
116 phase1 2 CMT like 1004 but diff. initial on V3,RSE,0,0,2360.88999645251,.,.,.,.,.,.,.,.,.,.,.,.,.,.,116,../data/116.csv
117 phase1 2 CMT like 1004 but diff. initial on V3,,0,0,2347.78451712916,9.01158,22.6554,0.0688848,3.81482,123.933,0.938204,1.6679,0.176944,0,0.0917308,0,0,0.0848392,0.0642954,117,../data/117.csv
117 phase1 2 CMT like 1004 but diff. initial on V3,RSE,0,0,2347.78451712916,.,.,.,.,.,.,.,.,.,.,.,.,.,.,117,../data/117.csv
118 phase1 2 CMT like 1004 but diff. initial on V3,,0,0,2673.86070406702,8.8973,22.6374,0.066569,3.82648,121.038,1.28971,0.976331,0.306285,0,0.0721371,0,0,0.108907,0.0582874,118,../data/118.csv
118 phase1 2 CMT like 1004 but diff. initial on V3,RSE,0,0,2673.86070406702,.,.,.,.,.,.,.,.,.,.,.,.,.,.,118,../data/118.csv
119 phase1 2 CMT like 1004 but diff. initial on V3,,0,0,2430.7536555022,9.12146,22.4056,0.0665856,4.11794,121.869,0.77405,1.81035,0.155639,0,0.150049,0,0,0.0763452,0.0674396,119,../data/119.csv
119 phase1 2 CMT like 1004 but diff. initial on V3,RSE,0,0,2430.7536555022,.,.,.,.,.,.,.,.,.,.,.,.,.,.,119,../data/119.csv
120 phase1 2 CMT like 1004 but diff. initial on V3,,0,0,2586.09339764508,9.85645,21.8073,0.0766201,3.36778,87.3204,0.967087,1.13616,0.149465,0,0.0825384,0,0,0.0557806,0.0479867,120,../data/120.csv
120 phase1 2 CMT like 1004 but diff. initial on V3,RSE,0,0,2586.09339764508,.,.,.,.,.,.,.,.,.,.,.,.,.,.,120,../data/120.csv
121 phase1 2 CMT like 1004 but diff. initial on V3,,0,0,2294.76544891879,8.96025,21.3207,0.0666589,3.32839,125.636,1.09582,1.29493,0.167678,0,0.056025,0,0,0.0916143,0.074079,121,../data/121.csv
121 phase1 2 CMT like 1004 but diff. initial on V3,RSE,0,0,2294.76544891879,.,.,.,.,.,.,.,.,.,.,.,.,.,.,121,../data/121.csv
122 phase1 2 CMT like 1004 but diff. initial on V3,,0,0,2646.61264509973,7.61445,22.0234,0.068433,4.1791,103.968,0.966154,2.2367,0.194043,0,0.131455,0,0,0.13262,0.0637891,122,../data/122.csv
122 phase1 2 CMT like 1004 but diff. initial on V3,RSE,0,0,2646.61264509973,.,.,.,.,.,.,.,.,.,.,.,.,.,.,122,../data/122.csv
123 phase1 2 CMT like 1004 but diff. initial on V3,,0,0,2221.25331757555,9.66717,21.0774,0.0662513,3.5107,183.886,1.00343,0.96226,0.226466,0,0.144567,0,0,0.0736008,0.0640475,123,../data/123.csv
123 phase1 2 CMT like 1004 but diff. initial on V3,RSE,0,0,2221.25331757555,.,.,.,.,.,.,.,.,.,.,.,.,.,.,123,../data/123.csv
124 phase1 2 CMT like 1004 but diff. initial on V3,,0,0,2199.94284143884,7.49041,23.2324,0.0703415,4.62538,106.206,1.07379,1.93709,0.176578,0,0.0785083,0,0,0.103173,0.0628604,124,../data/124.csv
124 phase1 2 CMT like 1004 but diff. initial on V3,RSE,0,0,2199.94284143884,.,.,.,.,.,.,.,.,.,.,.,.,.,.,124,../data/124.csv
125 phase1 2 CMT like 1004 but diff. initial on V3,,0,0,2647.20427528445,8.86697,24.6544,0.069758,3.92533,128.505,1.0145,1.8647,0.199586,0,0.131494,0,0,0.0650757,0.0584204,125,../data/125.csv
125 phase1 2 CMT like 1004 but diff. initial on V3,RSE,0,0,2647.20427528445,.,.,.,.,.,.,.,.,.,.,.,.,.,.,125,../data/125.csv
126 phase1 2 CMT like 1004 but diff. initial on V3,,0,0,2157.01902200208,9.25768,23.1307,0.0762979,4.01737,103.672,0.980422,1.23568,0.15019,0,0.0664632,0,0,0.122215,0.0626163,126,../data/126.csv
126 phase1 2 CMT like 1004 but diff. initial on V3,RSE,0,0,2157.01902200208,.,.,.,.,.,.,.,.,.,.,.,.,.,.,126,../data/126.csv
127 phase1 2 CMT like 1004 but diff. initial on V3,,0,0,2145.94974703722,7.82828,21.7777,0.0781028,4.64803,122.337,0.853117,2.09137,0.187957,0,0.0794747,0,0,0.117572,0.0749393,127,../data/127.csv
127 phase1 2 CMT like 1004 but diff. initial on V3,RSE,0,0,2145.94974703722,.,.,.,.,.,.,.,.,.,.,.,.,.,.,127,../data/127.csv
128 phase1 2 CMT like 1004 but diff. initial on V3,,0,0,2731.6256470295,7.47074,21.6864,0.0716097,3.46006,128.496,1.19796,1.72,0.21325,0,0.137098,0,0,0.077833,0.0592917,128,../data/128.csv
128 phase1 2 CMT like 1004 but diff. initial on V3,RSE,0,0,2731.6256470295,.,.,.,.,.,.,.,.,.,.,.,.,.,.,128,../data/128.csv
129 phase1 2 CMT like 1004 but diff. initial on V3,,0,0,2235.19708067484,8.15549,18.9635,0.0599188,2.67354,73.4354,0.954879,1.92568,0.148731,0,0.156005,0,0,0.055125,0.0686562,129,../data/129.csv
129 phase1 2 CMT like 1004 but diff. initial on V3,RSE,0,0,2235.19708067484,.,.,.,.,.,.,.,.,.,.,.,.,.,.,129,../data/129.csv
130 phase1 2 CMT like 1004 but diff. initial on V3,,0,0,2383.50322996285,8.0511,20.0391,0.0625751,3.59909,159.489,1.26055,0.931086,0.175739,0,0.141043,0,0,0.0928843,0.0757621,130,../data/130.csv
130 phase1 2 CMT like 1004 but diff. initial on V3,RSE,0,0,2383.50322996285,.,.,.,.,.,.,.,.,.,.,.,.,.,.,130,../data/130.csv
131 phase1 2 CMT like 1004 but diff. initial on V3,,0,0,2571.1328062418,9.48198,21.0218,0.0716323,3.60559,106.539,1.07761,1.16738,0.235408,0,0.103964,0,0,0.10523,0.0659828,131,../data/131.csv
131 phase1 2 CMT like 1004 but diff. initial on V3,RSE,0,0,2571.1328062418,.,.,.,.,.,.,.,.,.,.,.,.,.,.,131,../data/131.csv
132 phase1 2 CMT like 1004 but diff. initial on V3,,0,0,2268.51831112976,8.99945,24.5622,0.0749663,4.46768,122.221,0.894586,1.45063,0.146617,0,0.133126,0,0,0.126041,0.0638064,132,../data/132.csv
132 phase1 2 CMT like 1004 but diff. initial on V3,RSE,0,0,2268.51831112976,.,.,.,.,.,.,.,.,.,.,.,.,.,.,132,../data/132.csv
133 phase1 2 CMT like 1004 but diff. initial on V3,,0,0,2766.62656543624,9.33784,22.5895,0.0714545,4.50114,106.021,0.734453,1.82035,0.154571,0,0.133505,0,0,0.123454,0.0688756,133,../data/133.csv
133 phase1 2 CMT like 1004 but diff. initial on V3,RSE,0,0,2766.62656543624,.,.,.,.,.,.,.,.,.,.,.,.,.,.,133,../data/133.csv
134 phase1 2 CMT like 1004 but diff. initial on V3,,0,0,2352.49179877107,7.74625,20.8271,0.0680918,3.21194,88.341,1.16001,1.79654,0.101316,0,0.133475,0,0,0.101616,0.0601935,134,../data/134.csv
134 phase1 2 CMT like 1004 but diff. initial on V3,RSE,0,0,2352.49179877107,.,.,.,.,.,.,.,.,.,.,.,.,.,.,134,../data/134.csv
135 phase1 2 CMT like 1004 but diff. initial on V3,,0,0,2549.94588391769,7.49676,23.7743,0.0716432,3.94232,92.0856,1.2632,1.65453,0.213622,0,0.0876893,0,0,0.0919078,0.0542891,135,../data/135.csv
135 phase1 2 CMT like 1004 but diff. initial on V3,RSE,0,0,2549.94588391769,.,.,.,.,.,.,.,.,.,.,.,.,.,.,135,../data/135.csv
136 phase1 2 CMT like 1004 but diff. initial on V3,,0,0,2458.87476040514,8.89036,22.4961,0.0629856,4.32308,128.126,0.860534,1.8186,0.217206,0,0.206773,0,0,0.151424,0.071182,136,../data/136.csv
136 phase1 2 CMT like 1004 but diff. initial on V3,RSE,0,0,2458.87476040514,.,.,.,.,.,.,.,.,.,.,.,.,.,.,136,../data/136.csv
137 phase1 2 CMT like 1004 but diff. initial on V3,,0,0,2262.10655806714,8.47742,25.3106,0.0777682,4.56983,93.7021,0.916671,2.09608,0.139078,0,0.127816,0,0,0.136727,0.059445,137,../data/137.csv
137 phase1 2 CMT like 1004 but diff. initial on V3,RSE,0,0,2262.10655806714,.,.,.,.,.,.,.,.,.,.,.,.,.,.,137,../data/137.csv
138 phase1 2 CMT like 1004 but diff. initial on V3,,0,0,2212.54405558573,8.81197,23.4961,0.074258,4.38033,108.877,0.920291,1.828,0.121319,0,0.120277,0,0,0.115591,0.0682777,138,../data/138.csv
138 phase1 2 CMT like 1004 but diff. initial on V3,RSE,0,0,2212.54405558573,.,.,.,.,.,.,.,.,.,.,.,.,.,.,138,../data/138.csv
139 phase1 2 CMT like 1004 but diff. initial on V3,,0,0,2414.58531791151,10.2427,20.4773,0.0702497,3.39693,121.519,1.11367,0.718501,0.19711,0,0.12688,0,0,0.0985119,0.0751973,139,../data/139.csv
139 phase1 2 CMT like 1004 but diff. initial on V3,RSE,0,0,2414.58531791151,.,.,.,.,.,.,.,.,.,.,.,.,.,.,139,../data/139.csv
140 phase1 2 CMT like 1004 but diff. initial on V3,,0,0,2823.36101202134,9.21274,19.9871,0.0663246,3.5269,126.072,1.01774,1.11086,0.201375,0,0.150042,0,0,0.129696,0.0692369,140,../data/140.csv
140 phase1 2 CMT like 1004 but diff. initial on V3,RSE,0,0,2823.36101202134,.,.,.,.,.,.,.,.,.,.,.,.,.,.,140,../data/140.csv
141 phase1 2 CMT like 1004 but diff. initial on V3,,0,0,2268.25658318852,9.59349,18.0872,0.0676512,3.38413,94.7321,0.858273,1.32896,0.121535,0,0.108178,0,0,0.130502,0.0854389,141,../data/141.csv
141 phase1 2 CMT like 1004 but diff. initial on V3,RSE,0,0,2268.25658318852,.,.,.,.,.,.,.,.,.,.,.,.,.,.,141,../data/141.csv
142 phase1 2 CMT like 1004 but diff. initial on V3,,0,0,2232.07196537775,8.31921,20.1285,0.0634908,4.00874,98.8409,0.826865,2.27834,0.0999022,0,0.184441,0,0,0.118438,0.0808598,142,../data/142.csv
142 phase1 2 CMT like 1004 but diff. initial on V3,RSE,0,0,2232.07196537775,.,.,.,.,.,.,.,.,.,.,.,.,.,.,142,../data/142.csv
143 phase1 2 CMT like 1004 but diff. initial on V3,,0,0,2241.21859876137,7.55499,21.3402,0.0634754,3.83536,102.218,1.02685,2.23863,0.229656,0,0.136464,0,0,0.0983109,0.0757654,143,../data/143.csv
143 phase1 2 CMT like 1004 but diff. initial on V3,RSE,0,0,2241.21859876137,.,.,.,.,.,.,.,.,.,.,.,.,.,.,143,../data/143.csv
144 phase1 2 CMT like 1004 but diff. initial on V3,,0,0,2584.43546125103,8.31651,21.2887,0.063706,3.68153,109.773,0.989339,2.38181,0.180413,0,0.160427,0,0,0.0815587,0.0761498,144,../data/144.csv
144 phase1 2 CMT like 1004 but diff. initial on V3,RSE,0,0,2584.43546125103,.,.,.,.,.,.,.,.,.,.,.,.,.,.,144,../data/144.csv
145 phase1 2 CMT like 1004 but diff. initial on V3,,0,0,2142.65427445599,8.36552,21.3479,0.0616062,3.65954,111.186,1.06175,1.79928,0.171995,0,0.111832,0,0,0.108819,0.0728886,145,../data/145.csv
145 phase1 2 CMT like 1004 but diff. initial on V3,RSE,0,0,2142.65427445599,.,.,.,.,.,.,.,.,.,.,.,.,.,.,145,../data/145.csv
146 phase1 2 CMT like 1004 but diff. initial on V3,,0,0,2777.26317005068,7.58703,21.4706,0.0722174,4.19644,87.7027,0.982748,1.61406,0.15864,0,0.100821,0,0,0.132436,0.0608174,146,../data/146.csv
146 phase1 2 CMT like 1004 but diff. initial on V3,RSE,0,0,2777.26317005068,.,.,.,.,.,.,.,.,.,.,.,.,.,.,146,../data/146.csv
147 phase1 2 CMT like 1004 but diff. initial on V3,,0,0,2012.03725683314,9.324,21.7647,0.0680378,4.51911,115.189,0.844516,1.85796,0.198018,0,0.220594,0,0,0.110667,0.0753754,147,../data/147.csv
147 phase1 2 CMT like 1004 but diff. initial on V3,RSE,0,0,2012.03725683314,.,.,.,.,.,.,.,.,.,.,.,.,.,.,147,../data/147.csv
148 phase1 2 CMT like 1004 but diff. initial on V3,,0,0,2282.02710456264,8.70745,24.2796,0.0730451,4.43357,147.755,1.16026,1.48348,0.271163,0,0.0669619,0,0,0.0938948,0.0715007,148,../data/148.csv
148 phase1 2 CMT like 1004 but diff. initial on V3,RSE,0,0,2282.02710456264,.,.,.,.,.,.,.,.,.,.,.,.,.,.,148,../data/148.csv
149 phase1 2 CMT like 1004 but diff. initial on V3,,0,0,2084.07944239698,9.62148,20.4687,0.0675742,3.99724,132.968,0.695869,1.71539,0.0958055,0,0.0968618,0,0,0.125606,0.0811644,149,../data/149.csv
149 phase1 2 CMT like 1004 but diff. initial on V3,RSE,0,0,2084.07944239698,.,.,.,.,.,.,.,.,.,.,.,.,.,.,149,../data/149.csv
150 phase1 2 CMT like 1004 but diff. initial on V3,,0,0,2817.83060982368,9.6311,21.0757,0.0796043,3.9243,100.581,0.873541,1.05347,0.106421,0,0.0669721,0,0,0.0956272,0.0590608,150,../data/150.csv
150 phase1 2 CMT like 1004 but diff. initial on V3,RSE,0,0,2817.83060982368,.,.,.,.,.,.,.,.,.,.,.,.,.,.,150,../data/150.csv
151 phase1 2 CMT like 1004 but diff. initial on V3,,0,0,2791.05589111429,9.6124,23.1342,0.0687757,4.13945,92.9284,0.830433,1.66527,0.200987,0,0.0655187,0,0,0.0873144,0.0545168,151,../data/151.csv
151 phase1 2 CMT like 1004 but diff. initial on V3,RSE,0,0,2791.05589111429,.,.,.,.,.,.,.,.,.,.,.,.,.,.,151,../data/151.csv
152 phase1 2 CMT like 1004 but diff. initial on V3,,0,0,2558.43813629299,7.7169,18.007,0.0582047,2.98489,80.8983,1.26532,1.58087,0.20738,0,0.207719,0,0,0.103791,0.0767281,152,../data/152.csv
152 phase1 2 CMT like 1004 but diff. initial on V3,RSE,0,0,2558.43813629299,.,.,.,.,.,.,.,.,.,.,.,.,.,.,152,../data/152.csv
153 phase1 2 CMT like 1004 but diff. initial on V3,,0,0,2183.24121510079,8.44578,22.4415,0.0672315,4.21626,92.1917,1.20277,1.48243,0.199179,0,0.128073,0,0,0.183904,0.0654269,153,../data/153.csv
153 phase1 2 CMT like 1004 but diff. initial on V3,RSE,0,0,2183.24121510079,.,.,.,.,.,.,.,.,.,.,.,.,.,.,153,../data/153.csv
154 phase1 2 CMT like 1004 but diff. initial on V3,,0,0,2527.20862247141,9.39772,21.5999,0.0692942,3.98305,122.786,1.03638,0.705637,0.195877,0,0.0906311,0,0,0.0490843,0.0629699,154,../data/154.csv
154 phase1 2 CMT like 1004 but diff. initial on V3,RSE,0,0,2527.20862247141,.,.,.,.,.,.,.,.,.,.,.,.,.,.,154,../data/154.csv
155 phase1 2 CMT like 1004 but diff. initial on V3,,0,0,2377.22834555157,9.04764,23.9202,0.0698833,4.46599,129.053,1.03495,1.86164,0.184576,0,0.0605895,0,0,0.100664,0.0623916,155,../data/155.csv
155 phase1 2 CMT like 1004 but diff. initial on V3,RSE,0,0,2377.22834555157,.,.,.,.,.,.,.,.,.,.,.,.,.,.,155,../data/155.csv
156 phase1 2 CMT like 1004 but diff. initial on V3,,0,0,2393.03697953598,8.44719,21.591,0.0707421,3.76697,91.9292,1.10525,1.2989,0.166321,0,0.113826,0,0,0.114255,0.0667169,156,../data/156.csv
156 phase1 2 CMT like 1004 but diff. initial on V3,RSE,0,0,2393.03697953598,.,.,.,.,.,.,.,.,.,.,.,.,.,.,156,../data/156.csv
157 phase1 2 CMT like 1004 but diff. initial on V3,,0,0,2447.83129006134,8.16912,16.7657,0.0545996,2.55667,65.5335,1.08221,1.71361,0.154616,0,0.194983,0,0,0.0915954,0.0802847,157,../data/157.csv
157 phase1 2 CMT like 1004 but diff. initial on V3,RSE,0,0,2447.83129006134,.,.,.,.,.,.,.,.,.,.,.,.,.,.,157,../data/157.csv
158 phase1 2 CMT like 1004 but diff. initial on V3,,0,0,2098.75366005878,9.20177,19.1868,0.0637168,3.72819,82.2845,0.84705,1.74315,0.224858,0,0.136229,0,0,0.097631,0.0766604,158,../data/158.csv
158 phase1 2 CMT like 1004 but diff. initial on V3,RSE,0,0,2098.75366005878,.,.,.,.,.,.,.,.,.,.,.,.,.,.,158,../data/158.csv
159 phase1 2 CMT like 1004 but diff. initial on V3,,0,0,2336.19516987804,8.35214,19.3256,0.0625811,3.39854,103.005,0.83142,1.68208,0.119351,0,0.0992766,0,0,0.118831,0.0658938,159,../data/159.csv
159 phase1 2 CMT like 1004 but diff. initial on V3,RSE,0,0,2336.19516987804,.,.,.,.,.,.,.,.,.,.,.,.,.,.,159,../data/159.csv
160 phase1 2 CMT like 1004 but diff. initial on V3,,0,0,2745.80812158244,8.64148,19.7609,0.0602268,3.58867,213.968,1.0929,1.00911,0.289689,0,0.0575546,0,0,0.0974625,0.072201,160,../data/160.csv
160 phase1 2 CMT like 1004 but diff. initial on V3,RSE,0,0,2745.80812158244,.,.,.,.,.,.,.,.,.,.,.,.,.,.,160,../data/160.csv
161 phase1 2 CMT like 1004 but diff. initial on V3,,0,0,2711.68322850745,9.29964,21.7376,0.0707161,3.84451,92.2568,0.889607,1.89434,0.173369,0,0.185179,0,0,0.0832173,0.0705581,161,../data/161.csv
161 phase1 2 CMT like 1004 but diff. initial on V3,RSE,0,0,2711.68322850745,.,.,.,.,.,.,.,.,.,.,.,.,.,.,161,../data/161.csv
162 phase1 2 CMT like 1004 but diff. initial on V3,,0,0,2421.0096022901,8.63301,19.5135,0.0662222,3.57043,132.372,1.05581,1.19399,0.131184,0,0.1417,0,0,0.0804407,0.0708854,162,../data/162.csv
162 phase1 2 CMT like 1004 but diff. initial on V3,RSE,0,0,2421.0096022901,.,.,.,.,.,.,.,.,.,.,.,.,.,.,162,../data/162.csv
163 phase1 2 CMT like 1004 but diff. initial on V3,,0,0,2390.88967485933,7.5287,24.8715,0.0735159,3.9625,93.1385,1.06167,2.40435,0.15471,0,0.129132,0,0,0.0852818,0.062023,163,../data/163.csv
163 phase1 2 CMT like 1004 but diff. initial on V3,RSE,0,0,2390.88967485933,.,.,.,.,.,.,.,.,.,.,.,.,.,.,163,../data/163.csv
164 phase1 2 CMT like 1004 but diff. initial on V3,,0,0,2018.71997375736,8.80621,19.4866,0.0698036,3.72027,103.747,1.09697,1.20037,0.112207,0,0.0531399,0,0,0.108685,0.0800868,164,../data/164.csv
164 phase1 2 CMT like 1004 but diff. initial on V3,RSE,0,0,2018.71997375736,.,.,.,.,.,.,.,.,.,.,.,.,.,.,164,../data/164.csv
165 phase1 2 CMT like 1004 but diff. initial on V3,,0,0,1977.33300031298,9.93703,23.0663,0.0660076,4.13763,133.487,0.840899,1.601,0.203997,0,0.147713,0,0,0.0939938,0.0656011,165,../data/165.csv
165 phase1 2 CMT like 1004 but diff. initial on V3,RSE,0,0,1977.33300031298,.,.,.,.,.,.,.,.,.,.,.,.,.,.,165,../data/165.csv
166 phase1 2 CMT like 1004 but diff. initial on V3,,0,0,2760.67008889586,9.25067,21.5801,0.066974,3.66911,109.468,1.04152,1.06422,0.239832,0,0.10227,0,0,0.0700744,0.0596184,166,../data/166.csv
166 phase1 2 CMT like 1004 but diff. initial on V3,RSE,0,0,2760.67008889586,.,.,.,.,.,.,.,.,.,.,.,.,.,.,166,../data/166.csv
167 phase1 2 CMT like 1004 but diff. initial on V3,,0,0,2307.86627114844,7.74438,18.4459,0.057462,2.63034,105.483,1.36246,1.00377,0.193774,0,0.154141,0,0,0.075553,0.0671631,167,../data/167.csv
167 phase1 2 CMT like 1004 but diff. initial on V3,RSE,0,0,2307.86627114844,.,.,.,.,.,.,.,.,.,.,.,.,.,.,167,../data/167.csv
168 phase1 2 CMT like 1004 but diff. initial on V3,,0,0,2410.56040321043,7.8765,24.3485,0.0695309,4.08297,137.572,1.18055,1.94546,0.227388,0,0.136094,0,0,0.0818681,0.0657715,168,../data/168.csv
168 phase1 2 CMT like 1004 but diff. initial on V3,RSE,0,0,2410.56040321043,.,.,.,.,.,.,.,.,.,.,.,.,.,.,168,../data/168.csv
169 phase1 2 CMT like 1004 but diff. initial on V3,,0,0,2738.50756001979,8.34902,24.0631,0.0702039,3.42891,116.783,1.34062,1.73258,0.19758,0,0.116702,0,0,0.0747628,0.0606558,169,../data/169.csv
169 phase1 2 CMT like 1004 but diff. initial on V3,RSE,0,0,2738.50756001979,.,.,.,.,.,.,.,.,.,.,.,.,.,.,169,../data/169.csv
170 phase1 2 CMT like 1004 but diff. initial on V3,,0,0,2189.91098445087,8.77017,17.5439,0.0620013,3.19277,103.716,0.6722,1.82131,0.113525,0,0.0835404,0,0,0.10346,0.0704735,170,../data/170.csv
170 phase1 2 CMT like 1004 but diff. initial on V3,RSE,0,0,2189.91098445087,.,.,.,.,.,.,.,.,.,.,.,.,.,.,170,../data/170.csv
171 phase1 2 CMT like 1004 but diff. initial on V3,,0,0,2471.58516432092,8.96601,21.7399,0.0647462,3.66234,87.3361,0.815656,2.04002,0.193201,0,0.211669,0,0,0.112748,0.061018,171,../data/171.csv
171 phase1 2 CMT like 1004 but diff. initial on V3,RSE,0,0,2471.58516432092,.,.,.,.,.,.,.,.,.,.,.,.,.,.,171,../data/171.csv
172 phase1 2 CMT like 1004 but diff. initial on V3,,0,0,2388.40226673907,8.48783,17.3145,0.0603205,2.4912,87.7872,1.24443,0.838122,0.245708,0,0.130027,0,0,0.0914686,0.0678635,172,../data/172.csv
172 phase1 2 CMT like 1004 but diff. initial on V3,RSE,0,0,2388.40226673907,.,.,.,.,.,.,.,.,.,.,.,.,.,.,172,../data/172.csv
173 phase1 2 CMT like 1004 but diff. initial on V3,,0,0,2706.33054636038,7.45989,21.484,0.0698384,3.39919,100.398,1.25948,1.55996,0.124946,0,0.111056,0,0,0.0734837,0.0601549,173,../data/173.csv
173 phase1 2 CMT like 1004 but diff. initial on V3,RSE,0,0,2706.33054636038,.,.,.,.,.,.,.,.,.,.,.,.,.,.,173,../data/173.csv
174 phase1 2 CMT like 1004 but diff. initial on V3,,0,0,2617.26374107558,8.73995,21.1753,0.0640965,3.09134,100.013,1.0769,1.89932,0.184481,0,0.183101,0,0,0.0687501,0.0675192,174,../data/174.csv
174 phase1 2 CMT like 1004 but diff. initial on V3,RSE,0,0,2617.26374107558,.,.,.,.,.,.,.,.,.,.,.,.,.,.,174,../data/174.csv
175 phase1 2 CMT like 1004 but diff. initial on V3,,0,0,2575.05036520173,8.19921,20.6402,0.06328,2.84537,104.913,1.27929,1.43723,0.177308,0,0.146074,0,0,0.0748988,0.0641353,175,../data/175.csv
175 phase1 2 CMT like 1004 but diff. initial on V3,RSE,0,0,2575.05036520173,.,.,.,.,.,.,.,.,.,.,.,.,.,.,175,../data/175.csv
176 phase1 2 CMT like 1004 but diff. initial on V3,,0,0,2344.69516397433,8.90007,22.4716,0.0678387,4.00257,146.805,0.90591,1.59395,0.168656,0,0.0659296,0,0,0.114626,0.0617619,176,../data/176.csv
176 phase1 2 CMT like 1004 but diff. initial on V3,RSE,0,0,2344.69516397433,.,.,.,.,.,.,.,.,.,.,.,.,.,.,176,../data/176.csv
177 phase1 2 CMT like 1004 but diff. initial on V3,,0,0,2546.26047144175,7.74304,19.6866,0.0613765,3.25337,125.318,1.43388,0.875988,0.190853,0,0.137283,0,0,0.105326,0.0666577,177,../data/177.csv
177 phase1 2 CMT like 1004 but diff. initial on V3,RSE,0,0,2546.26047144175,.,.,.,.,.,.,.,.,.,.,.,.,.,.,177,../data/177.csv
178 phase1 2 CMT like 1004 but diff. initial on V3,,0,0,1940.49688110843,8.90363,22.4129,0.0649209,4.17284,113.829,0.846051,1.74443,0.122767,0,0.172109,0,0,0.110153,0.076583,178,../data/178.csv
178 phase1 2 CMT like 1004 but diff. initial on V3,RSE,0,0,1940.49688110843,.,.,.,.,.,.,.,.,.,.,.,.,.,.,178,../data/178.csv
179 phase1 2 CMT like 1004 but diff. initial on V3,,0,0,2128.37157716266,9.51956,23.7473,0.0703302,4.50887,119.96,0.873914,1.75149,0.177593,0,0.129774,0,0,0.126804,0.0695667,179,../data/179.csv
179 phase1 2 CMT like 1004 but diff. initial on V3,RSE,0,0,2128.37157716266,.,.,.,.,.,.,.,.,.,.,.,.,.,.,179,../data/179.csv
180 phase1 2 CMT like 1004 but diff. initial on V3,,0,0,2744.02580466168,8.60736,22.5588,0.0690611,4.25426,95.8944,0.817778,1.91455,0.217868,0,0.0851816,0,0,0.0875668,0.0593819,180,../data/180.csv
180 phase1 2 CMT like 1004 but diff. initial on V3,RSE,0,0,2744.02580466168,.,.,.,.,.,.,.,.,.,.,.,.,.,.,180,../data/180.csv
181 phase1 2 CMT like 1004 but diff. initial on V3,,0,0,1998.03634077965,8.71476,19.6739,0.0630374,3.342,84.8465,1.19687,1.48302,0.225006,0,0.17015,0,0,0.129648,0.0764263,181,../data/181.csv
181 phase1 2 CMT like 1004 but diff. initial on V3,RSE,0,0,1998.03634077965,.,.,.,.,.,.,.,.,.,.,.,.,.,.,181,../data/181.csv
182 phase1 2 CMT like 1004 but diff. initial on V3,,0,0,2456.82182001868,8.47025,26.676,0.0755299,5.49371,108.705,0.942379,2.17808,0.154019,0,0.0715814,0,0,0.098403,0.0664551,182,../data/182.csv
182 phase1 2 CMT like 1004 but diff. initial on V3,RSE,0,0,2456.82182001868,.,.,.,.,.,.,.,.,.,.,.,.,.,.,182,../data/182.csv
183 phase1 2 CMT like 1004 but diff. initial on V3,,0,0,2713.4632423041,8.17257,27.5049,0.0699151,4.85775,153.492,1.16551,1.91447,0.320406,0,0.0887027,0,0,0.093441,0.0560425,183,../data/183.csv
183 phase1 2 CMT like 1004 but diff. initial on V3,RSE,0,0,2713.4632423041,.,.,.,.,.,.,.,.,.,.,.,.,.,.,183,../data/183.csv
184 phase1 2 CMT like 1004 but diff. initial on V3,,0,0,2868.29399435795,8.55979,21.6711,0.0749486,3.79272,93.4355,0.976644,1.78272,0.2307,0,0.11391,0,0,0.0920724,0.0610813,184,../data/184.csv
184 phase1 2 CMT like 1004 but diff. initial on V3,RSE,0,0,2868.29399435795,.,.,.,.,.,.,.,.,.,.,.,.,.,.,184,../data/184.csv
185 phase1 2 CMT like 1004 but diff. initial on V3,,0,0,2065.77284009006,8.56207,23.1689,0.0787144,4.94025,123.068,0.805732,2.06988,0.154352,0,0.12164,0,0,0.0869007,0.0648212,185,../data/185.csv
185 phase1 2 CMT like 1004 but diff. initial on V3,RSE,0,0,2065.77284009006,.,.,.,.,.,.,.,.,.,.,.,.,.,.,185,../data/185.csv
186 phase1 2 CMT like 1004 but diff. initial on V3,,0,0,2631.70983094584,9.53524,22.187,0.0705554,4.31475,119.244,0.865028,1.5123,0.197538,0,0.140102,0,0,0.0823266,0.0654097,186,../data/186.csv
186 phase1 2 CMT like 1004 but diff. initial on V3,RSE,0,0,2631.70983094584,.,.,.,.,.,.,.,.,.,.,.,.,.,.,186,../data/186.csv
187 phase1 2 CMT like 1004 but diff. initial on V3,,0,0,2391.8026022778,8.72506,19.5622,0.070639,3.61975,93.7206,0.971771,1.46196,0.142736,0,0.177591,0,0,0.093582,0.0723126,187,../data/187.csv
187 phase1 2 CMT like 1004 but diff. initial on V3,RSE,0,0,2391.8026022778,.,.,.,.,.,.,.,.,.,.,.,.,.,.,187,../data/187.csv
188 phase1 2 CMT like 1004 but diff. initial on V3,,0,0,2681.74952781727,8.70714,23.8812,0.069128,3.92713,104.399,0.99655,2.05731,0.243265,0,0.173517,0,0,0.0762563,0.0588706,188,../data/188.csv
188 phase1 2 CMT like 1004 but diff. initial on V3,RSE,0,0,2681.74952781727,.,.,.,.,.,.,.,.,.,.,.,.,.,.,188,../data/188.csv
189 phase1 2 CMT like 1004 but diff. initial on V3,,0,0,2135.84578615871,10.3119,25.0819,0.0696826,4.57491,100.693,0.826766,1.66669,0.176182,0,0.103985,0,0,0.0674996,0.0697697,189,../data/189.csv
189 phase1 2 CMT like 1004 but diff. initial on V3,RSE,0,0,2135.84578615871,.,.,.,.,.,.,.,.,.,.,.,.,.,.,189,../data/189.csv
190 phase1 2 CMT like 1004 but diff. initial on V3,,0,0,2228.61214321764,7.8752,25.4328,0.076964,5.12161,115.075,0.9047,2.12603,0.156669,0,0.111467,0,0,0.08959,0.0642122,190,../data/190.csv
190 phase1 2 CMT like 1004 but diff. initial on V3,RSE,0,0,2228.61214321764,.,.,.,.,.,.,.,.,.,.,.,.,.,.,190,../data/190.csv
191 phase1 2 CMT like 1004 but diff. initial on V3,,0,0,2313.11627486467,7.76899,20.303,0.0638675,3.77286,101.098,1.10161,1.80698,0.255671,0,0.113555,0,0,0.109365,0.0716619,191,../data/191.csv
191 phase1 2 CMT like 1004 but diff. initial on V3,RSE,0,0,2313.11627486467,.,.,.,.,.,.,.,.,.,.,.,.,.,.,191,../data/191.csv
192 phase1 2 CMT like 1004 but diff. initial on V3,,0,0,2675.39485900553,7.97629,20.5386,0.0696374,3.76602,119.719,1.02203,1.62145,0.220175,0,0.144605,0,0,0.113679,0.0640898,192,../data/192.csv
192 phase1 2 CMT like 1004 but diff. initial on V3,RSE,0,0,2675.39485900553,.,.,.,.,.,.,.,.,.,.,.,.,.,.,192,../data/192.csv
193 phase1 2 CMT like 1004 but diff. initial on V3,,0,0,3018.93903088673,8.55574,25.5058,0.0764045,4.35754,124.447,0.96922,1.86573,0.237206,0,0.13251,0,0,0.0773134,0.0525504,193,../data/193.csv
193 phase1 2 CMT like 1004 but diff. initial on V3,RSE,0,0,3018.93903088673,.,.,.,.,.,.,.,.,.,.,.,.,.,.,193,../data/193.csv
194 phase1 2 CMT like 1004 but diff. initial on V3,,0,0,2320.94647151567,9.2349,22.5315,0.0702336,3.67006,98.8099,0.917716,1.6654,0.149739,0,0.124866,0,0,0.0853378,0.0557186,194,../data/194.csv
194 phase1 2 CMT like 1004 but diff. initial on V3,RSE,0,0,2320.94647151567,.,.,.,.,.,.,.,.,.,.,.,.,.,.,194,../data/194.csv
195 phase1 2 CMT like 1004 but diff. initial on V3,,0,0,3010.88475687574,7.01308,20.0943,0.0674532,3.11942,112.986,1.24732,1.69038,0.138879,0,0.0999391,0,0,0.110839,0.0621405,195,../data/195.csv
195 phase1 2 CMT like 1004 but diff. initial on V3,RSE,0,0,3010.88475687574,.,.,.,.,.,.,.,.,.,.,.,.,.,.,195,../data/195.csv
196 phase1 2 CMT like 1004 but diff. initial on V3,,0,0,1948.11246836078,9.9715,22.9095,0.068085,3.52897,176.205,0.914597,1.3541,0.20844,0,0.145581,0,0,0.0705895,0.0669358,196,../data/196.csv
196 phase1 2 CMT like 1004 but diff. initial on V3,RSE,0,0,1948.11246836078,.,.,.,.,.,.,.,.,.,.,.,.,.,.,196,../data/196.csv
197 phase1 2 CMT like 1004 but diff. initial on V3,,0,0,2480.75393586674,8.49636,20.7828,0.0680893,3.6769,113.945,1.16611,1.18971,0.187383,0,0.15704,0,0,0.145832,0.0687084,197,../data/197.csv
197 phase1 2 CMT like 1004 but diff. initial on V3,RSE,0,0,2480.75393586674,.,.,.,.,.,.,.,.,.,.,.,.,.,.,197,../data/197.csv
198 phase1 2 CMT like 1004 but diff. initial on V3,,0,0,2548.12043410905,8.13692,26.2781,0.083847,4.57261,117.258,1.05909,1.8147,0.243501,0,0.0621967,0,0,0.146226,0.0540406,198,../data/198.csv
198 phase1 2 CMT like 1004 but diff. initial on V3,RSE,0,0,2548.12043410905,.,.,.,.,.,.,.,.,.,.,.,.,.,.,198,../data/198.csv
199 phase1 2 CMT like 1004 but diff. initial on V3,,0,0,2597.49194327865,8.86698,23.1133,0.0784498,4.42944,93.3192,0.886064,1.78756,0.163929,0,0.116029,0,0,0.0934673,0.0633167,199,../data/199.csv
199 phase1 2 CMT like 1004 but diff. initial on V3,RSE,0,0,2597.49194327865,.,.,.,.,.,.,.,.,.,.,.,.,.,.,199,../data/199.csv
200 phase1 2 CMT like 1004 but diff. initial on V3,,0,0,2736.03774130307,10.2358,24.9876,0.0743265,4.38886,132.074,0.97354,1.54284,0.214963,0,0.124667,0,0,0.0879533,0.0576134,200,../data/200.csv
200 phase1 2 CMT like 1004 but diff. initial on V3,RSE,0,0,2736.03774130307,.,.,.,.,.,.,.,.,.,.,.,.,.,.,200,../data/200.csv
201 phase1 2 CMT like 1004 but diff. initial on V3,,0,0,2776.79871654483,8.66314,20.9918,0.0745472,4.38114,112.003,0.870939,1.81095,0.238998,0,0.0795094,0,0,0.139857,0.0594275,201,../data/201.csv
201 phase1 2 CMT like 1004 but diff. initial on V3,RSE,0,0,2776.79871654483,.,.,.,.,.,.,.,.,.,.,.,.,.,.,201,../data/201.csv
202 phase1 2 CMT like 1004 but diff. initial on V3,,0,0,2746.83880935539,8.77529,18.5777,0.0595827,3.16152,75.0394,1.09363,1.34652,0.213869,0,0.117273,0,0,0.134713,0.0701437,202,../data/202.csv
202 phase1 2 CMT like 1004 but diff. initial on V3,RSE,0,0,2746.83880935539,.,.,.,.,.,.,.,.,.,.,.,.,.,.,202,../data/202.csv
203 phase1 2 CMT like 1004 but diff. initial on V3,,0,0,2007.58242995749,7.45309,24.2222,0.073933,4.17245,105.468,0.791211,2.35699,0.126672,0,0.0864051,0,0,0.142898,0.0561585,203,../data/203.csv
203 phase1 2 CMT like 1004 but diff. initial on V3,RSE,0,0,2007.58242995749,.,.,.,.,.,.,.,.,.,.,.,.,.,.,203,../data/203.csv
204 phase1 2 CMT like 1004 but diff. initial on V3,,0,0,2217.13921648384,8.12016,20.8788,0.0769418,3.47552,87.6559,1.07664,1.7289,0.147152,0,0.129034,0,0,0.0804614,0.0612299,204,../data/204.csv
204 phase1 2 CMT like 1004 but diff. initial on V3,RSE,0,0,2217.13921648384,.,.,.,.,.,.,.,.,.,.,.,.,.,.,204,../data/204.csv
205 phase1 2 CMT like 1004 but diff. initial on V3,,0,0,2578.19742376361,8.77456,18.4905,0.0604038,3.05826,86.9874,0.854922,1.59655,0.150246,0,0.0920158,0,0,0.115224,0.0731716,205,../data/205.csv
205 phase1 2 CMT like 1004 but diff. initial on V3,RSE,0,0,2578.19742376361,.,.,.,.,.,.,.,.,.,.,.,.,.,.,205,../data/205.csv
206 phase1 2 CMT like 1004 but diff. initial on V3,,0,0,3109.94030134582,5.77053,20.8853,0.0660084,2.66128,111.872,1.99,2.77042,0.143055,0,0.137282,0,0,0.0300821,0.0529184,206,../data/206.csv
206 phase1 2 CMT like 1004 but diff. initial on V3,RSE,0,0,3109.94030134582,.,.,.,.,.,.,.,.,.,.,.,.,.,.,206,../data/206.csv
207 phase1 2 CMT like 1004 but diff. initial on V3,,0,0,2484.06089641704,7.46589,19.5726,0.0670913,3.82489,107.051,0.982119,2.38183,0.170218,0,0.186217,0,0,0.142644,0.0696727,207,../data/207.csv
207 phase1 2 CMT like 1004 but diff. initial on V3,RSE,0,0,2484.06089641704,.,.,.,.,.,.,.,.,.,.,.,.,.,.,207,../data/207.csv
208 phase1 2 CMT like 1004 but diff. initial on V3,,0,0,2400.54956205446,10.8172,23.9316,0.07909,3.85294,102.867,0.842082,1.34274,0.158799,0,0.0759816,0,0,0.0858759,0.0683377,208,../data/208.csv
208 phase1 2 CMT like 1004 but diff. initial on V3,RSE,0,0,2400.54956205446,.,.,.,.,.,.,.,.,.,.,.,.,.,.,208,../data/208.csv
209 phase1 2 CMT like 1004 but diff. initial on V3,,0,0,2449.229847716,10.1396,24.9251,0.0809062,5.78999,132.229,0.627069,2.07487,0.228179,0,0.0893324,0,0,0.0749891,0.0638119,209,../data/209.csv
209 phase1 2 CMT like 1004 but diff. initial on V3,RSE,0,0,2449.229847716,.,.,.,.,.,.,.,.,.,.,.,.,.,.,209,../data/209.csv
210 phase1 2 CMT like 1004 but diff. initial on V3,,0,0,2621.30479641052,8.40605,25.3796,0.074493,4.78509,124.741,0.904835,1.98076,0.134553,0,0.130218,0,0,0.0914523,0.0635385,210,../data/210.csv
210 phase1 2 CMT like 1004 but diff. initial on V3,RSE,0,0,2621.30479641052,.,.,.,.,.,.,.,.,.,.,.,.,.,.,210,../data/210.csv
211 phase1 2 CMT like 1004 but diff. initial on V3,,0,0,2323.73468454525,8.33754,19.8766,0.060987,3.434,101.404,1.16741,1.22932,0.218106,0,0.163204,0,0,0.108623,0.0805722,211,../data/211.csv
211 phase1 2 CMT like 1004 but diff. initial on V3,RSE,0,0,2323.73468454525,.,.,.,.,.,.,.,.,.,.,.,.,.,.,211,../data/211.csv
212 phase1 2 CMT like 1004 but diff. initial on V3,,0,0,2736.57235502853,9.60015,25.8622,0.080575,4.03048,103.197,1.07438,1.74041,0.191719,0,0.0577642,0,0,0.11142,0.0523395,212,../data/212.csv
212 phase1 2 CMT like 1004 but diff. initial on V3,RSE,0,0,2736.57235502853,.,.,.,.,.,.,.,.,.,.,.,.,.,.,212,../data/212.csv
213 phase1 2 CMT like 1004 but diff. initial on V3,,0,0,2428.28790807257,9.59516,22.3423,0.0656297,3.97874,125.062,0.812271,1.74009,0.114759,0,0.133715,0,0,0.0948207,0.0703152,213,../data/213.csv
213 phase1 2 CMT like 1004 but diff. initial on V3,RSE,0,0,2428.28790807257,.,.,.,.,.,.,.,.,.,.,.,.,.,.,213,../data/213.csv
214 phase1 2 CMT like 1004 but diff. initial on V3,,0,0,2464.23514312571,8.34928,21.8011,0.065859,3.99,107.779,1.02346,1.6582,0.189411,0,0.091995,0,0,0.127165,0.0670612,214,../data/214.csv
214 phase1 2 CMT like 1004 but diff. initial on V3,RSE,0,0,2464.23514312571,.,.,.,.,.,.,.,.,.,.,.,.,.,.,214,../data/214.csv
215 phase1 2 CMT like 1004 but diff. initial on V3,,0,0,2650.09155233445,8.46921,22.976,0.0684602,4.22956,99.4817,0.974803,1.88057,0.186086,0,0.10322,0,0,0.0857752,0.0610652,215,../data/215.csv
215 phase1 2 CMT like 1004 but diff. initial on V3,RSE,0,0,2650.09155233445,.,.,.,.,.,.,.,.,.,.,.,.,.,.,215,../data/215.csv
216 phase1 2 CMT like 1004 but diff. initial on V3,,0,0,2503.50956155577,9.02835,22.565,0.0754302,3.93115,92.0682,0.89461,1.3535,0.136528,0,0.109608,0,0,0.111465,0.056693,216,../data/216.csv
216 phase1 2 CMT like 1004 but diff. initial on V3,RSE,0,0,2503.50956155577,.,.,.,.,.,.,.,.,.,.,.,.,.,.,216,../data/216.csv
217 phase1 2 CMT like 1004 but diff. initial on V3,,0,0,2342.99303580027,6.89807,22.4109,0.0747247,4.11065,111.995,0.919109,2.76048,0.159836,0,0.173645,0,0,0.0982902,0.0613069,217,../data/217.csv
217 phase1 2 CMT like 1004 but diff. initial on V3,RSE,0,0,2342.99303580027,.,.,.,.,.,.,.,.,.,.,.,.,.,.,217,../data/217.csv
218 phase1 2 CMT like 1004 but diff. initial on V3,,0,0,2283.9599858114,8.25994,25.1373,0.0711673,4.56164,132.967,1.12514,1.64839,0.221344,0,0.0566407,0,0,0.0944586,0.0672968,218,../data/218.csv
218 phase1 2 CMT like 1004 but diff. initial on V3,RSE,0,0,2283.9599858114,.,.,.,.,.,.,.,.,.,.,.,.,.,.,218,../data/218.csv
219 phase1 2 CMT like 1004 but diff. initial on V3,,0,0,2476.20602980853,9.00091,19.1496,0.0615797,2.9462,110.275,0.964224,1.55676,0.167406,0,0.126627,0,0,0.0707846,0.0700826,219,../data/219.csv
219 phase1 2 CMT like 1004 but diff. initial on V3,RSE,0,0,2476.20602980853,.,.,.,.,.,.,.,.,.,.,.,.,.,.,219,../data/219.csv
220 phase1 2 CMT like 1004 but diff. initial on V3,,0,0,2730.39808533584,8.39078,24.4771,0.0699893,3.8415,108.097,0.948105,1.83985,0.178544,0,0.143487,0,0,0.108024,0.0560925,220,../data/220.csv
220 phase1 2 CMT like 1004 but diff. initial on V3,RSE,0,0,2730.39808533584,.,.,.,.,.,.,.,.,.,.,.,.,.,.,220,../data/220.csv
221 phase1 2 CMT like 1004 but diff. initial on V3,,0,0,2656.93366581498,8.23758,23.2631,0.0703124,3.55558,113.475,1.13817,1.69098,0.146576,0,0.0979554,0,0,0.116674,0.0614035,221,../data/221.csv
221 phase1 2 CMT like 1004 but diff. initial on V3,RSE,0,0,2656.93366581498,.,.,.,.,.,.,.,.,.,.,.,.,.,.,221,../data/221.csv
222 phase1 2 CMT like 1004 but diff. initial on V3,,0,0,1990.74742377143,5.28625,17.9946,0.0570175,5.90523,991,1.15639,1.41394,0.487779,0,0.10571,0,0,0.0729946,0.0807064,222,../data/222.csv
222 phase1 2 CMT like 1004 but diff. initial on V3,RSE,0,0,1990.74742377143,.,.,.,.,.,.,.,.,.,.,.,.,.,.,222,../data/222.csv
223 phase1 2 CMT like 1004 but diff. initial on V3,,0,0,2576.03813644315,8.84556,22.2388,0.0704771,3.988,123.81,0.844176,1.45539,0.175856,0,0.109711,0,0,0.11388,0.0643097,223,../data/223.csv
223 phase1 2 CMT like 1004 but diff. initial on V3,RSE,0,0,2576.03813644315,.,.,.,.,.,.,.,.,.,.,.,.,.,.,223,../data/223.csv
224 phase1 2 CMT like 1004 but diff. initial on V3,,0,0,2661.77760103645,8.53955,20.9069,0.0678854,3.81672,133.558,0.952386,2.04939,0.186765,0,0.102385,0,0,0.075818,0.071665,224,../data/224.csv
224 phase1 2 CMT like 1004 but diff. initial on V3,RSE,0,0,2661.77760103645,.,.,.,.,.,.,.,.,.,.,.,.,.,.,224,../data/224.csv
225 phase1 2 CMT like 1004 but diff. initial on V3,,0,0,2134.53108300791,10.2123,25.0138,0.0725511,4.32415,154.993,0.915098,1.54067,0.253302,0,0.0922843,0,0,0.0933185,0.0547829,225,../data/225.csv
225 phase1 2 CMT like 1004 but diff. initial on V3,RSE,0,0,2134.53108300791,.,.,.,.,.,.,.,.,.,.,.,.,.,.,225,../data/225.csv
226 phase1 2 CMT like 1004 but diff. initial on V3,,0,0,2491.33301356334,9.2876,27.243,0.0793656,4.52292,94.5926,0.853717,2.06599,0.153328,0,0.169109,0,0,0.108437,0.0588462,226,../data/226.csv
226 phase1 2 CMT like 1004 but diff. initial on V3,RSE,0,0,2491.33301356334,.,.,.,.,.,.,.,.,.,.,.,.,.,.,226,../data/226.csv
227 phase1 2 CMT like 1004 but diff. initial on V3,,0,0,2253.88633620963,8.70346,21.5698,0.072441,4.50045,101.539,0.767409,1.90996,0.176534,0,0.13156,0,0,0.101933,0.0626344,227,../data/227.csv
227 phase1 2 CMT like 1004 but diff. initial on V3,RSE,0,0,2253.88633620963,.,.,.,.,.,.,.,.,.,.,.,.,.,.,227,../data/227.csv
228 phase1 2 CMT like 1004 but diff. initial on V3,,0,0,2645.22215355549,7.33218,18.4831,0.0661504,2.71016,78.761,1.28896,1.90044,0.183049,0,0.150697,0,0,0.0663894,0.0638039,228,../data/228.csv
228 phase1 2 CMT like 1004 but diff. initial on V3,RSE,0,0,2645.22215355549,.,.,.,.,.,.,.,.,.,.,.,.,.,.,228,../data/228.csv
229 phase1 2 CMT like 1004 but diff. initial on V3,,0,0,2604.20695902481,8.51582,23.1694,0.0721958,4.69036,108.943,0.95996,1.3591,0.179263,0,0.100068,0,0,0.0980353,0.060319,229,../data/229.csv
229 phase1 2 CMT like 1004 but diff. initial on V3,RSE,0,0,2604.20695902481,.,.,.,.,.,.,.,.,.,.,.,.,.,.,229,../data/229.csv
230 phase1 2 CMT like 1004 but diff. initial on V3,,0,0,2302.5635825201,9.0579,21.1223,0.0672498,3.82021,109.052,0.87733,1.85194,0.150104,0,0.132791,0,0,0.0993819,0.0739283,230,../data/230.csv
230 phase1 2 CMT like 1004 but diff. initial on V3,RSE,0,0,2302.5635825201,.,.,.,.,.,.,.,.,.,.,.,.,.,.,230,../data/230.csv
231 phase1 2 CMT like 1004 but diff. initial on V3,,0,0,2555.25730339413,8.38546,22.0282,0.0754178,4.34324,103.523,1.14776,1.32764,0.173924,0,0.117565,0,0,0.127476,0.0629355,231,../data/231.csv
231 phase1 2 CMT like 1004 but diff. initial on V3,RSE,0,0,2555.25730339413,.,.,.,.,.,.,.,.,.,.,.,.,.,.,231,../data/231.csv
232 phase1 2 CMT like 1004 but diff. initial on V3,,0,0,2331.00780502087,7.62485,22.9322,0.0688671,3.84291,94.0629,0.921161,2.34675,0.133726,0,0.120875,0,0,0.128238,0.0640059,232,../data/232.csv
232 phase1 2 CMT like 1004 but diff. initial on V3,RSE,0,0,2331.00780502087,.,.,.,.,.,.,.,.,.,.,.,.,.,.,232,../data/232.csv
233 phase1 2 CMT like 1004 but diff. initial on V3,,0,0,2620.88620594481,7.85114,24.0071,0.0669582,4.11052,137.33,1.03966,2.21698,0.179657,0,0.187594,0,0,0.100953,0.065371,233,../data/233.csv
233 phase1 2 CMT like 1004 but diff. initial on V3,RSE,0,0,2620.88620594481,.,.,.,.,.,.,.,.,.,.,.,.,.,.,233,../data/233.csv
234 phase1 2 CMT like 1004 but diff. initial on V3,,0,0,2671.13370954149,8.50002,23.7968,0.0717212,4.44196,112.19,0.928289,2.06464,0.234242,0,0.119408,0,0,0.100702,0.0683511,234,../data/234.csv
234 phase1 2 CMT like 1004 but diff. initial on V3,RSE,0,0,2671.13370954149,.,.,.,.,.,.,.,.,.,.,.,.,.,.,234,../data/234.csv
235 phase1 2 CMT like 1004 but diff. initial on V3,,0,0,2143.4720077908,8.25468,22.3111,0.0635857,3.20143,108.119,1.4864,1.72281,0.192143,0,0.166612,0,0,0.124644,0.0645014,235,../data/235.csv
235 phase1 2 CMT like 1004 but diff. initial on V3,RSE,0,0,2143.4720077908,.,.,.,.,.,.,.,.,.,.,.,.,.,.,235,../data/235.csv
236 phase1 2 CMT like 1004 but diff. initial on V3,,0,0,2705.41583353538,8.75411,20.3308,0.0655026,3.44752,124.333,0.921693,1.76587,0.155396,0,0.137207,0,0,0.124535,0.0681477,236,../data/236.csv
236 phase1 2 CMT like 1004 but diff. initial on V3,RSE,0,0,2705.41583353538,.,.,.,.,.,.,.,.,.,.,.,.,.,.,236,../data/236.csv
237 phase1 2 CMT like 1004 but diff. initial on V3,,0,0,2588.54611034707,8.60076,23.1828,0.0705862,3.48663,104.974,0.902009,1.88257,0.121817,0,0.180572,0,0,0.0810594,0.0492497,237,../data/237.csv
237 phase1 2 CMT like 1004 but diff. initial on V3,RSE,0,0,2588.54611034707,.,.,.,.,.,.,.,.,.,.,.,.,.,.,237,../data/237.csv
238 phase1 2 CMT like 1004 but diff. initial on V3,,0,0,2683.71351583164,8.87693,20.0528,0.0632513,3.702,143.454,0.944222,1.46154,0.191294,0,0.13744,0,0,0.0934483,0.0828648,238,../data/238.csv
238 phase1 2 CMT like 1004 but diff. initial on V3,RSE,0,0,2683.71351583164,.,.,.,.,.,.,.,.,.,.,.,.,.,.,238,../data/238.csv
239 phase1 2 CMT like 1004 but diff. initial on V3,,0,0,2536.83293530293,7.51667,21.0318,0.0606546,3.05633,157.295,1.23732,1.81072,0.148465,0,0.154891,0,0,0.093795,0.0656271,239,../data/239.csv
239 phase1 2 CMT like 1004 but diff. initial on V3,RSE,0,0,2536.83293530293,.,.,.,.,.,.,.,.,.,.,.,.,.,.,239,../data/239.csv
240 phase1 2 CMT like 1004 but diff. initial on V3,,0,0,2433.87340510093,9.74854,27.3329,0.0784608,5.40685,121.049,0.799767,1.97853,0.117393,0,0.121557,0,0,0.0712335,0.0591072,240,../data/240.csv
240 phase1 2 CMT like 1004 but diff. initial on V3,RSE,0,0,2433.87340510093,.,.,.,.,.,.,.,.,.,.,.,.,.,.,240,../data/240.csv
241 phase1 2 CMT like 1004 but diff. initial on V3,,0,0,2507.52815917598,9.72252,21.8599,0.0759422,3.78096,110.995,1.08724,1.00023,0.159507,0,0.0809595,0,0,0.102952,0.0646331,241,../data/241.csv
241 phase1 2 CMT like 1004 but diff. initial on V3,RSE,0,0,2507.52815917598,.,.,.,.,.,.,.,.,.,.,.,.,.,.,241,../data/241.csv
242 phase1 2 CMT like 1004 but diff. initial on V3,,0,0,2385.04674999009,8.88073,23.7719,0.0696234,4.49712,123.553,0.774989,2.22866,0.131795,0,0.0957889,0,0,0.118231,0.0734417,242,../data/242.csv
242 phase1 2 CMT like 1004 but diff. initial on V3,RSE,0,0,2385.04674999009,.,.,.,.,.,.,.,.,.,.,.,.,.,.,242,../data/242.csv
243 phase1 2 CMT like 1004 but diff. initial on V3,,0,0,2535.64775195831,8.46419,19.2999,0.0630669,3.7566,143.973,0.928209,1.62198,0.175208,0,0.165134,0,0,0.128923,0.0748389,243,../data/243.csv
243 phase1 2 CMT like 1004 but diff. initial on V3,RSE,0,0,2535.64775195831,.,.,.,.,.,.,.,.,.,.,.,.,.,.,243,../data/243.csv
244 phase1 2 CMT like 1004 but diff. initial on V3,,0,0,2319.43744339078,9.05807,20.6217,0.070811,3.68702,122.891,0.860324,1.55638,0.147993,0,0.0932583,0,0,0.12894,0.0705483,244,../data/244.csv
244 phase1 2 CMT like 1004 but diff. initial on V3,RSE,0,0,2319.43744339078,.,.,.,.,.,.,.,.,.,.,.,.,.,.,244,../data/244.csv
245 phase1 2 CMT like 1004 but diff. initial on V3,,0,0,2532.9333690628,7.70597,21.1008,0.0704314,3.87625,104.278,0.937397,2.05848,0.177679,0,0.105514,0,0,0.0833336,0.0607841,245,../data/245.csv
245 phase1 2 CMT like 1004 but diff. initial on V3,RSE,0,0,2532.9333690628,.,.,.,.,.,.,.,.,.,.,.,.,.,.,245,../data/245.csv
246 phase1 2 CMT like 1004 but diff. initial on V3,,0,0,2634.22176699389,7.73989,24.4517,0.0721852,4.41398,130.314,0.953659,1.99477,0.175745,0,0.135015,0,0,0.144709,0.066501,246,../data/246.csv
246 phase1 2 CMT like 1004 but diff. initial on V3,RSE,0,0,2634.22176699389,.,.,.,.,.,.,.,.,.,.,.,.,.,.,246,../data/246.csv
247 phase1 2 CMT like 1004 but diff. initial on V3,,0,0,2863.9456059361,8.03026,20.1384,0.0695205,3.54529,130.339,1.06286,1.212,0.197952,0,0.142086,0,0,0.133229,0.0611651,247,../data/247.csv
247 phase1 2 CMT like 1004 but diff. initial on V3,RSE,0,0,2863.9456059361,.,.,.,.,.,.,.,.,.,.,.,.,.,.,247,../data/247.csv
248 phase1 2 CMT like 1004 but diff. initial on V3,,0,0,1920.44314838939,7.85861,23.6101,0.067846,3.95529,91.6751,1.02463,2.9775,0.234844,0,0.118039,0,0,0.153284,0.0734466,248,../data/248.csv
248 phase1 2 CMT like 1004 but diff. initial on V3,RSE,0,0,1920.44314838939,.,.,.,.,.,.,.,.,.,.,.,.,.,.,248,../data/248.csv
249 phase1 2 CMT like 1004 but diff. initial on V3,,0,0,2357.57444750043,7.78835,24.282,0.076506,5.0326,117.263,0.862276,2.71592,0.146986,0,0.153352,0,0,0.0906695,0.0670084,249,../data/249.csv
249 phase1 2 CMT like 1004 but diff. initial on V3,RSE,0,0,2357.57444750043,.,.,.,.,.,.,.,.,.,.,.,.,.,.,249,../data/249.csv
250 phase1 2 CMT like 1004 but diff. initial on V3,,0,0,2631.7261414434,8.52445,22.3005,0.0667002,3.61039,124.69,1.10414,1.56026,0.218928,0,0.11568,0,0,0.112345,0.0607255,250,../data/250.csv
250 phase1 2 CMT like 1004 but diff. initial on V3,RSE,0,0,2631.7261414434,.,.,.,.,.,.,.,.,.,.,.,.,.,.,250,../data/250.csv
251 phase1 2 CMT like 1004 but diff. initial on V3,,0,0,2733.05403911837,9.14636,24.9918,0.0735491,4.09615,127.978,1.07883,1.6057,0.239571,0,0.0880474,0,0,0.0782827,0.0594299,251,../data/251.csv
251 phase1 2 CMT like 1004 but diff. initial on V3,RSE,0,0,2733.05403911837,.,.,.,.,.,.,.,.,.,.,.,.,.,.,251,../data/251.csv
252 phase1 2 CMT like 1004 but diff. initial on V3,,0,0,2191.01956131632,7.95812,19.1566,0.0606722,3.15838,102.611,1.10764,1.71096,0.208346,0,0.108733,0,0,0.101819,0.0761759,252,../data/252.csv
252 phase1 2 CMT like 1004 but diff. initial on V3,RSE,0,0,2191.01956131632,.,.,.,.,.,.,.,.,.,.,.,.,.,.,252,../data/252.csv
253 phase1 2 CMT like 1004 but diff. initial on V3,,0,0,2216.95490351843,8.6196,20.7933,0.0643871,3.17975,112.12,0.992219,1.79479,0.199004,0,0.145978,0,0,0.10352,0.0703867,253,../data/253.csv
253 phase1 2 CMT like 1004 but diff. initial on V3,RSE,0,0,2216.95490351843,.,.,.,.,.,.,.,.,.,.,.,.,.,.,253,../data/253.csv
254 phase1 2 CMT like 1004 but diff. initial on V3,,0,0,2660.1425954773,9.8316,26.6436,0.0741263,4.13152,129.531,0.860083,1.6393,0.228816,0,0.132914,0,0,0.1292,0.051813,254,../data/254.csv
254 phase1 2 CMT like 1004 but diff. initial on V3,RSE,0,0,2660.1425954773,.,.,.,.,.,.,.,.,.,.,.,.,.,.,254,../data/254.csv
255 phase1 2 CMT like 1004 but diff. initial on V3,,0,0,2466.76154847019,8.79794,20.7983,0.0675642,3.29862,98.1322,0.953714,1.69401,0.160606,0,0.121277,0,0,0.080616,0.0667974,255,../data/255.csv
255 phase1 2 CMT like 1004 but diff. initial on V3,RSE,0,0,2466.76154847019,.,.,.,.,.,.,.,.,.,.,.,.,.,.,255,../data/255.csv
256 phase1 2 CMT like 1004 but diff. initial on V3,,0,0,2271.73807148564,9.38122,21.7687,0.062252,4.05723,97.8324,0.878878,1.69528,0.15946,0,0.0971301,0,0,0.119868,0.073183,256,../data/256.csv
256 phase1 2 CMT like 1004 but diff. initial on V3,RSE,0,0,2271.73807148564,.,.,.,.,.,.,.,.,.,.,.,.,.,.,256,../data/256.csv
257 phase1 2 CMT like 1004 but diff. initial on V3,,0,0,2379.00187493129,8.64747,20.7013,0.0620761,3.66829,128.565,0.834127,1.91935,0.137463,0,0.127703,0,0,0.121963,0.074222,257,../data/257.csv
257 phase1 2 CMT like 1004 but diff. initial on V3,RSE,0,0,2379.00187493129,.,.,.,.,.,.,.,.,.,.,.,.,.,.,257,../data/257.csv
258 phase1 2 CMT like 1004 but diff. initial on V3,,0,0,2831.1551262551,8.05439,23.1027,0.0715519,3.88553,99.5009,1.35414,1.64977,0.199238,0,0.124716,0,0,0.106027,0.0638579,258,../data/258.csv
258 phase1 2 CMT like 1004 but diff. initial on V3,RSE,0,0,2831.1551262551,.,.,.,.,.,.,.,.,.,.,.,.,.,.,258,../data/258.csv
259 phase1 2 CMT like 1004 but diff. initial on V3,,0,0,2813.0317897511,8.61104,20.8687,0.0636608,3.12577,120.062,0.995738,1.74888,0.179743,0,0.139051,0,0,0.0830372,0.0615123,259,../data/259.csv
259 phase1 2 CMT like 1004 but diff. initial on V3,RSE,0,0,2813.0317897511,.,.,.,.,.,.,.,.,.,.,.,.,.,.,259,../data/259.csv
260 phase1 2 CMT like 1004 but diff. initial on V3,,0,0,2137.18520840829,8.26235,21.9008,0.0666358,3.23489,106.266,0.993382,1.83987,0.183566,0,0.134598,0,0,0.0709893,0.0680402,260,../data/260.csv
260 phase1 2 CMT like 1004 but diff. initial on V3,RSE,0,0,2137.18520840829,.,.,.,.,.,.,.,.,.,.,.,.,.,.,260,../data/260.csv
261 phase1 2 CMT like 1004 but diff. initial on V3,,0,0,2243.92100464352,8.17555,21.3212,0.0682629,3.78722,92.2617,1.21003,1.36961,0.236392,0,0.106317,0,0,0.16229,0.0722885,261,../data/261.csv
261 phase1 2 CMT like 1004 but diff. initial on V3,RSE,0,0,2243.92100464352,.,.,.,.,.,.,.,.,.,.,.,.,.,.,261,../data/261.csv
262 phase1 2 CMT like 1004 but diff. initial on V3,,0,0,2357.06027702822,7.86406,22.7645,0.0679235,5.17616,108.648,0.827079,2.61762,0.180964,0,0.112613,0,0,0.117633,0.0686998,262,../data/262.csv
262 phase1 2 CMT like 1004 but diff. initial on V3,RSE,0,0,2357.06027702822,.,.,.,.,.,.,.,.,.,.,.,.,.,.,262,../data/262.csv
263 phase1 2 CMT like 1004 but diff. initial on V3,,0,0,2713.80793899865,9.47177,24.2331,0.0786931,4.04288,101.853,0.91728,1.70641,0.152706,0,0.0893352,0,0,0.0995019,0.052129,263,../data/263.csv
263 phase1 2 CMT like 1004 but diff. initial on V3,RSE,0,0,2713.80793899865,.,.,.,.,.,.,.,.,.,.,.,.,.,.,263,../data/263.csv
264 phase1 2 CMT like 1004 but diff. initial on V3,,0,0,2691.94327995329,8.75127,21.8244,0.0697878,4.11971,119.388,0.904763,1.72549,0.178159,0,0.110456,0,0,0.0853243,0.0686236,264,../data/264.csv
264 phase1 2 CMT like 1004 but diff. initial on V3,RSE,0,0,2691.94327995329,.,.,.,.,.,.,.,.,.,.,.,.,.,.,264,../data/264.csv
265 phase1 2 CMT like 1004 but diff. initial on V3,,0,0,2295.71098330834,7.96731,23.8366,0.0768792,4.25316,106.413,1.01772,2.18047,0.211351,0,0.143095,0,0,0.130252,0.0636101,265,../data/265.csv
265 phase1 2 CMT like 1004 but diff. initial on V3,RSE,0,0,2295.71098330834,.,.,.,.,.,.,.,.,.,.,.,.,.,.,265,../data/265.csv
266 phase1 2 CMT like 1004 but diff. initial on V3,,0,0,2373.11252764318,9.26355,23.7341,0.0730801,4.16601,123.575,0.982873,1.25211,0.158249,0,0.0900993,0,0,0.106939,0.0626122,266,../data/266.csv
266 phase1 2 CMT like 1004 but diff. initial on V3,RSE,0,0,2373.11252764318,.,.,.,.,.,.,.,.,.,.,.,.,.,.,266,../data/266.csv
267 phase1 2 CMT like 1004 but diff. initial on V3,,0,0,2816.04670402666,8.47052,20.4534,0.0739184,3.35017,103.312,1.18095,1.2532,0.212543,0,0.0502491,0,0,0.0816209,0.0620266,267,../data/267.csv
267 phase1 2 CMT like 1004 but diff. initial on V3,RSE,0,0,2816.04670402666,.,.,.,.,.,.,.,.,.,.,.,.,.,.,267,../data/267.csv
268 phase1 2 CMT like 1004 but diff. initial on V3,,0,0,2480.77996140844,8.14459,20.5526,0.0623375,3.78101,101.339,0.74377,1.86914,0.129504,0,0.145715,0,0,0.125053,0.0665448,268,../data/268.csv
268 phase1 2 CMT like 1004 but diff. initial on V3,RSE,0,0,2480.77996140844,.,.,.,.,.,.,.,.,.,.,.,.,.,.,268,../data/268.csv
269 phase1 2 CMT like 1004 but diff. initial on V3,,0,0,2097.9867055669,9.30893,17.568,0.0675462,3.53462,87.6008,1.00565,0.873641,0.13309,0,0.057864,0,0,0.151217,0.0780251,269,../data/269.csv
269 phase1 2 CMT like 1004 but diff. initial on V3,RSE,0,0,2097.9867055669,.,.,.,.,.,.,.,.,.,.,.,.,.,.,269,../data/269.csv
270 phase1 2 CMT like 1004 but diff. initial on V3,,0,0,2656.30263778654,8.81208,19.6302,0.0674189,3.68382,115.428,0.999248,1.52886,0.189732,0,0.209774,0,0,0.147306,0.0735722,270,../data/270.csv
270 phase1 2 CMT like 1004 but diff. initial on V3,RSE,0,0,2656.30263778654,.,.,.,.,.,.,.,.,.,.,.,.,.,.,270,../data/270.csv
271 phase1 2 CMT like 1004 but diff. initial on V3,,0,0,2704.68044757346,7.92025,20.2843,0.0654133,3.40706,108.206,0.953842,1.9138,0.162529,0,0.166793,0,0,0.0553949,0.0651154,271,../data/271.csv
271 phase1 2 CMT like 1004 but diff. initial on V3,RSE,0,0,2704.68044757346,.,.,.,.,.,.,.,.,.,.,.,.,.,.,271,../data/271.csv
272 phase1 2 CMT like 1004 but diff. initial on V3,,0,0,2665.58731111047,9.49999,26.3003,0.0794156,4.33256,113.601,0.914024,1.64204,0.187065,0,0.0650118,0,0,0.105538,0.0534769,272,../data/272.csv
272 phase1 2 CMT like 1004 but diff. initial on V3,RSE,0,0,2665.58731111047,.,.,.,.,.,.,.,.,.,.,.,.,.,.,272,../data/272.csv
273 phase1 2 CMT like 1004 but diff. initial on V3,,0,0,2245.48560126358,8.02376,21.9114,0.0676947,4.08527,110.199,0.712914,2.33995,0.190719,0,0.146912,0,0,0.0734223,0.0615675,273,../data/273.csv
273 phase1 2 CMT like 1004 but diff. initial on V3,RSE,0,0,2245.48560126358,.,.,.,.,.,.,.,.,.,.,.,.,.,.,273,../data/273.csv
274 phase1 2 CMT like 1004 but diff. initial on V3,,0,0,2718.95713350985,8.25925,22.9823,0.0719975,4.53449,124.915,0.793665,2.17607,0.176333,0,0.139348,0,0,0.0929956,0.0625135,274,../data/274.csv
274 phase1 2 CMT like 1004 but diff. initial on V3,RSE,0,0,2718.95713350985,.,.,.,.,.,.,.,.,.,.,.,.,.,.,274,../data/274.csv
275 phase1 2 CMT like 1004 but diff. initial on V3,,0,0,2471.28243179968,7.42548,21.1152,0.0629407,3.16459,94.3513,1.06126,2.15812,0.195424,0,0.118954,0,0,0.0825364,0.0573909,275,../data/275.csv
275 phase1 2 CMT like 1004 but diff. initial on V3,RSE,0,0,2471.28243179968,.,.,.,.,.,.,.,.,.,.,.,.,.,.,275,../data/275.csv
276 phase1 2 CMT like 1004 but diff. initial on V3,,0,0,2681.32530217948,9.61983,21.0724,0.0605693,2.92277,110.439,1.16995,0.840436,0.190944,0,0.0855434,0,0,0.0906483,0.0695914,276,../data/276.csv
276 phase1 2 CMT like 1004 but diff. initial on V3,RSE,0,0,2681.32530217948,.,.,.,.,.,.,.,.,.,.,.,.,.,.,276,../data/276.csv
277 phase1 2 CMT like 1004 but diff. initial on V3,,0,0,2828.22157649923,9.28796,22.4147,0.0652908,3.1127,149.099,1.05139,1.40741,0.220601,0,0.13171,0,0,0.0615179,0.0581069,277,../data/277.csv
277 phase1 2 CMT like 1004 but diff. initial on V3,RSE,0,0,2828.22157649923,.,.,.,.,.,.,.,.,.,.,.,.,.,.,277,../data/277.csv
278 phase1 2 CMT like 1004 but diff. initial on V3,,0,0,2558.0550366702,8.75486,24.5021,0.0781916,4.87275,97.7484,0.813475,2.12589,0.149936,0,0.0820049,0,0,0.139016,0.0582931,278,../data/278.csv
278 phase1 2 CMT like 1004 but diff. initial on V3,RSE,0,0,2558.0550366702,.,.,.,.,.,.,.,.,.,.,.,.,.,.,278,../data/278.csv
279 phase1 2 CMT like 1004 but diff. initial on V3,,0,0,2287.4840557231,9.78638,21.5128,0.0635226,4.20602,137.037,0.854561,1.48546,0.227216,0,0.148195,0,0,0.0935486,0.0848357,279,../data/279.csv
279 phase1 2 CMT like 1004 but diff. initial on V3,RSE,0,0,2287.4840557231,.,.,.,.,.,.,.,.,.,.,.,.,.,.,279,../data/279.csv
280 phase1 2 CMT like 1004 but diff. initial on V3,,0,0,2418.98363398225,8.7243,20.6546,0.0686526,3.1925,113.364,1.06988,1.62511,0.192627,0,0.15386,0,0,0.0769079,0.0692974,280,../data/280.csv
280 phase1 2 CMT like 1004 but diff. initial on V3,RSE,0,0,2418.98363398225,.,.,.,.,.,.,.,.,.,.,.,.,.,.,280,../data/280.csv
281 phase1 2 CMT like 1004 but diff. initial on V3,,0,0,1821.24385541255,9.55934,19.474,0.0656207,3.9874,105.158,0.781251,1.31887,0.122638,0,0.180075,0,0,0.1158,0.0773126,281,../data/281.csv
281 phase1 2 CMT like 1004 but diff. initial on V3,RSE,0,0,1821.24385541255,.,.,.,.,.,.,.,.,.,.,.,.,.,.,281,../data/281.csv
282 phase1 2 CMT like 1004 but diff. initial on V3,,0,0,2624.2854082798,7.68542,21.9916,0.0742758,4.1764,106.149,1.01698,2.20518,0.186374,0,0.0939696,0,0,0.0906201,0.0618064,282,../data/282.csv
282 phase1 2 CMT like 1004 but diff. initial on V3,RSE,0,0,2624.2854082798,.,.,.,.,.,.,.,.,.,.,.,.,.,.,282,../data/282.csv
283 phase1 2 CMT like 1004 but diff. initial on V3,,0,0,2610.40270360432,7.99117,18.7332,0.0659887,3.2316,132.994,0.942597,1.7585,0.160717,0,0.0649216,0,0,0.112086,0.0760391,283,../data/283.csv
283 phase1 2 CMT like 1004 but diff. initial on V3,RSE,0,0,2610.40270360432,.,.,.,.,.,.,.,.,.,.,.,.,.,.,283,../data/283.csv
284 phase1 2 CMT like 1004 but diff. initial on V3,,0,0,2367.81155850673,7.94361,21.2646,0.071071,3.79749,91.6058,0.994346,2.00714,0.114661,0,0.1255,0,0,0.119974,0.0726068,284,../data/284.csv
284 phase1 2 CMT like 1004 but diff. initial on V3,RSE,0,0,2367.81155850673,.,.,.,.,.,.,.,.,.,.,.,.,.,.,284,../data/284.csv
285 phase1 2 CMT like 1004 but diff. initial on V3,,0,0,2090.55288437538,8.40845,18.7912,0.0633755,2.90898,81.3218,0.864627,2.04855,0.224929,0,0.163929,0,0,0.0484244,0.0724388,285,../data/285.csv
285 phase1 2 CMT like 1004 but diff. initial on V3,RSE,0,0,2090.55288437538,.,.,.,.,.,.,.,.,.,.,.,.,.,.,285,../data/285.csv
286 phase1 2 CMT like 1004 but diff. initial on V3,,0,0,2455.83796524718,8.58542,23.4744,0.068819,3.9528,111.265,1.00311,1.76308,0.131099,0,0.148547,0,0,0.149921,0.0654283,286,../data/286.csv
286 phase1 2 CMT like 1004 but diff. initial on V3,RSE,0,0,2455.83796524718,.,.,.,.,.,.,.,.,.,.,.,.,.,.,286,../data/286.csv
287 phase1 2 CMT like 1004 but diff. initial on V3,,0,0,2367.88365828804,8.83547,19.0357,0.0632522,3.24495,128.905,1.02296,1.08358,0.201688,0,0.125916,0,0,0.13801,0.0694358,287,../data/287.csv
287 phase1 2 CMT like 1004 but diff. initial on V3,RSE,0,0,2367.88365828804,.,.,.,.,.,.,.,.,.,.,.,.,.,.,287,../data/287.csv
288 phase1 2 CMT like 1004 but diff. initial on V3,,0,0,2990.34702878377,8.4555,20.0156,0.0755905,3.95737,102.634,1.03294,1.37993,0.227146,0,0.0641132,0,0,0.0693418,0.062463,288,../data/288.csv
288 phase1 2 CMT like 1004 but diff. initial on V3,RSE,0,0,2990.34702878377,.,.,.,.,.,.,.,.,.,.,.,.,.,.,288,../data/288.csv
289 phase1 2 CMT like 1004 but diff. initial on V3,,0,0,2484.97807553911,8.6555,18.803,0.0616664,2.87166,90.3903,1.06075,1.60625,0.183112,0,0.121569,0,0,0.118107,0.0793785,289,../data/289.csv
289 phase1 2 CMT like 1004 but diff. initial on V3,RSE,0,0,2484.97807553911,.,.,.,.,.,.,.,.,.,.,.,.,.,.,289,../data/289.csv
290 phase1 2 CMT like 1004 but diff. initial on V3,,0,0,2360.36302968016,8.29725,22.4305,0.0725065,4.15406,97.7941,0.995822,1.54812,0.191113,0,0.0709369,0,0,0.152402,0.063544,290,../data/290.csv
290 phase1 2 CMT like 1004 but diff. initial on V3,RSE,0,0,2360.36302968016,.,.,.,.,.,.,.,.,.,.,.,.,.,.,290,../data/290.csv
291 phase1 2 CMT like 1004 but diff. initial on V3,,0,0,2487.88728185665,8.55387,20.8104,0.0682164,3.38469,99.4019,1.05276,1.60135,0.190461,0,0.144816,0,0,0.127905,0.0606423,291,../data/291.csv
291 phase1 2 CMT like 1004 but diff. initial on V3,RSE,0,0,2487.88728185665,.,.,.,.,.,.,.,.,.,.,.,.,.,.,291,../data/291.csv
292 phase1 2 CMT like 1004 but diff. initial on V3,,0,0,2249.23322603424,7.31567,15.4942,0.0593219,2.50915,63.5825,1.20254,1.53218,0.197436,0,0.152314,0,0,0.0941494,0.0754012,292,../data/292.csv
292 phase1 2 CMT like 1004 but diff. initial on V3,RSE,0,0,2249.23322603424,.,.,.,.,.,.,.,.,.,.,.,.,.,.,292,../data/292.csv
293 phase1 2 CMT like 1004 but diff. initial on V3,,0,0,2364.53528233924,8.69341,20.5207,0.0699257,4.4565,101.177,0.764321,1.92058,0.137026,0,0.0981206,0,0,0.141742,0.0709473,293,../data/293.csv
293 phase1 2 CMT like 1004 but diff. initial on V3,RSE,0,0,2364.53528233924,.,.,.,.,.,.,.,.,.,.,.,.,.,.,293,../data/293.csv
294 phase1 2 CMT like 1004 but diff. initial on V3,,0,0,2435.73994743723,8.5516,20.6088,0.0737788,3.79826,133.303,1.0242,1.55667,0.152817,0,0.157756,0,0,0.138716,0.061991,294,../data/294.csv
294 phase1 2 CMT like 1004 but diff. initial on V3,RSE,0,0,2435.73994743723,.,.,.,.,.,.,.,.,.,.,.,.,.,.,294,../data/294.csv
295 phase1 2 CMT like 1004 but diff. initial on V3,,0,0,2379.66026907572,8.0632,22.9215,0.0706959,4.20639,100.894,1.02913,2.14338,0.201116,0,0.145864,0,0,0.114915,0.0654649,295,../data/295.csv
295 phase1 2 CMT like 1004 but diff. initial on V3,RSE,0,0,2379.66026907572,.,.,.,.,.,.,.,.,.,.,.,.,.,.,295,../data/295.csv
296 phase1 2 CMT like 1004 but diff. initial on V3,,0,0,2969.38522401942,8.04025,23.0821,0.0738229,4.38061,98.1238,1.09852,1.61429,0.199316,0,0.12164,0,0,0.075209,0.0646447,296,../data/296.csv
296 phase1 2 CMT like 1004 but diff. initial on V3,RSE,0,0,2969.38522401942,.,.,.,.,.,.,.,.,.,.,.,.,.,.,296,../data/296.csv
297 phase1 2 CMT like 1004 but diff. initial on V3,,0,0,2472.03123914808,7.64765,23.1248,0.0724522,4.31168,125.345,1.00292,1.80383,0.267743,0,0.0733188,0,0,0.0976533,0.0648316,297,../data/297.csv
297 phase1 2 CMT like 1004 but diff. initial on V3,RSE,0,0,2472.03123914808,.,.,.,.,.,.,.,.,.,.,.,.,.,.,297,../data/297.csv
298 phase1 2 CMT like 1004 but diff. initial on V3,,0,0,2421.89885648366,8.46316,23.5817,0.0672764,4.65656,140.907,0.880569,1.96337,0.179001,0,0.160821,0,0,0.107256,0.0775155,298,../data/298.csv
298 phase1 2 CMT like 1004 but diff. initial on V3,RSE,0,0,2421.89885648366,.,.,.,.,.,.,.,.,.,.,.,.,.,.,298,../data/298.csv
299 phase1 2 CMT like 1004 but diff. initial on V3,,0,0,2767.24633573556,8.95235,25.7441,0.0739396,4.69498,124.835,0.880952,2.06745,0.203787,0,0.0902251,0,0,0.0386146,0.0612343,299,../data/299.csv
299 phase1 2 CMT like 1004 but diff. initial on V3,RSE,0,0,2767.24633573556,.,.,.,.,.,.,.,.,.,.,.,.,.,.,299,../data/299.csv
300 phase1 2 CMT like 1004 but diff. initial on V3,,0,0,2452.74390653272,8.80669,22.4446,0.065196,3.99469,152.383,1.1193,2.01482,0.219514,0,0.146486,0,0,0.0924262,0.0824375,300,../data/300.csv
300 phase1 2 CMT like 1004 but diff. initial on V3,RSE,0,0,2452.74390653272,.,.,.,.,.,.,.,.,.,.,.,.,.,.,300,../data/300.csv
